Handle,Title,Body (HTML),Vendor,Type,Tags,Published,Option1 Name,Option1 Value,Option2 Name,Option2 Value,Option3 Name,Option3 Value,Variant SKU,Variant Grams,Variant Inventory Tracker,Variant Inventory Qty,Variant Inventory Policy,Variant Fulfillment Service,Variant Price,Variant Compare At Price,Variant Requires Shipping,Variant Taxable,Variant Barcode,Image Src,Image Position,Image Alt Text,Gift Card,SEO Title,SEO Description,Google Shopping / Google Product Category,Google Shopping / Gender,Google Shopping / Age Group,Google Shopping / MPN,Google Shopping / AdWords Grouping,Google Shopping / AdWords Labels,Google Shopping / Condition,Google Shopping / Custom Product,Google Shopping / Custom Label 0,Google Shopping / Custom Label 1,Google Shopping / Custom Label 2,Google Shopping / Custom Label 3,Google Shopping / Custom Label 4,Variant Image,Variant Weight Unit,Variant Tax Code,Cost per item,Status
moni-large-hoop-earrings,Moni Large Hoop Earrings,"<meta charset=""utf-8"">
<p class=""p1"" data-mce-fragment=""1"">Big Circle Punk Hoop Earrings.</p>
<p class=""p1"" data-mce-fragment=""1"">MAKE SURE TO READ OUR<span data-mce-fragment=""1""> </span><a href=""https://www.shopmuses.com/pages/jewellry-care"" data-mce-fragment=""1"" data-mce-href=""https://www.shopmuses.com/pages/jewellry-care"">JEWEL CARE INSTRUCTIONS<span data-mce-fragment=""1""> </span></a>FOR HOW TO PROPERLY CARE FOR YOUR JEWELLERY. </p>
<ul class=""ul1"" data-mce-fragment=""1"">
<li class=""li1"" data-mce-fragment=""1""><span class=""s1"" data-mce-fragment=""1"">High resistance, tarnish-free</span></li>
<li class=""li1"" data-mce-fragment=""1"">
<span class=""s1"" data-mce-fragment=""1""></span>Material: Copper</li>
<li class=""li1"" data-mce-fragment=""1"">
<span class=""s1"" data-mce-fragment=""1""></span>18k Gold plated</li>
<li class=""li1"" data-mce-fragment=""1"">
<span class=""s1"" data-mce-fragment=""1""></span>Lead &amp; Nickel free</li>
<li class=""li1"" data-mce-fragment=""1"">
<span class=""s1"" data-mce-fragment=""1""></span>Size: 6.2cm x 6cm</li>
</ul>",MUSES.,Earrings,"earrings, hoop earrings, jewellery, new in, vintage",true,Title,Default Title,,,,,"",0.0,shopify,2,deny,manual,12.00,,true,false,"",https://cdn.shopify.com/s/files/1/0502/3016/5669/products/IMG_5227.jpg?v=1610111888,1,,false,,,,,,,,,,,,,,,,,lb,,3.13,active
moni-large-hoop-earrings,,,,,,,,,,,,,,,,,,,,,,,,https://cdn.shopify.com/s/files/1/0502/3016/5669/products/d094f9da-eae5-4018-8e9c-f833e2e95436.jpg?v=1610111888,2,,,,,,,,,,,,,,,,,,,,,,
moni-large-hoop-earrings,,,,,,,,,,,,,,,,,,,,,,,,https://cdn.shopify.com/s/files/1/0502/3016/5669/products/IMG_5226.jpg?v=1610111888,3,,,,,,,,,,,,,,,,,,,,,,
moni-large-hoop-earrings,,,,,,,,,,,,,,,,,,,,,,,,https://cdn.shopify.com/s/files/1/0502/3016/5669/products/a031d3a6-27f8-4b57-9ed5-7efe581e9851.jpg?v=1610111888,4,,,,,,,,,,,,,,,,,,,,,,
mocha-vintage-hoop-earrings,Mocha Vintage Hoop Earrings,"<meta charset=""utf-8"">
<p class=""p1"" data-mce-fragment=""1"">Gorgeous and trendy Hoop Earrings.</p>
<p class=""p1"" data-mce-fragment=""1"">MAKE SURE TO READ OUR<span data-mce-fragment=""1""> </span><a href=""https://www.shopmuses.com/pages/jewellry-care"" data-mce-fragment=""1"" data-mce-href=""https://www.shopmuses.com/pages/jewellry-care"">JEWEL CARE INSTRUCTIONS<span data-mce-fragment=""1""> </span></a>FOR HOW TO PROPERLY CARE FOR YOUR JEWELLERY. </p>
<ul class=""ul1"" data-mce-fragment=""1"">
<li class=""li1"" data-mce-fragment=""1""><span class=""s1"" data-mce-fragment=""1"">High resistance, tarnish-free</span></li>
<li class=""li1"" data-mce-fragment=""1"">
<span class=""s1"" data-mce-fragment=""1""></span>Material: Copper</li>
<li class=""li1"" data-mce-fragment=""1"">
<span class=""s1"" data-mce-fragment=""1""></span>18k Gold plated</li>
<li class=""li1"" data-mce-fragment=""1"">
<span class=""s1"" data-mce-fragment=""1""></span>Lead &amp; Nickel free</li>
</ul>",MUSES.,Earrings,"earrings, hoop earrings, jewellery, new in, vintage",true,Title,Default Title,,,,,"",0.0,shopify,2,deny,manual,10.00,,true,false,"",https://cdn.shopify.com/s/files/1/0502/3016/5669/products/IMG_5228.jpg?v=1610111591,1,,false,Vintage Hoop Earrings,,,,,,,,,,,,,,,,lb,,2.81,active
mocha-vintage-hoop-earrings,,,,,,,,,,,,,,,,,,,,,,,,https://cdn.shopify.com/s/files/1/0502/3016/5669/products/6fba75af-3da6-4736-bd2f-258f57dfb27b.jpg?v=1610111591,2,,,,,,,,,,,,,,,,,,,,,,
mocha-vintage-hoop-earrings,,,,,,,,,,,,,,,,,,,,,,,,https://cdn.shopify.com/s/files/1/0502/3016/5669/products/IMG_5229.jpg?v=1610111591,3,,,,,,,,,,,,,,,,,,,,,,
mocha-vintage-hoop-earrings,,,,,,,,,,,,,,,,,,,,,,,,https://cdn.shopify.com/s/files/1/0502/3016/5669/products/e494a24b-9f72-4bf7-abe5-e3a82a01db96.jpg?v=1610111591,4,,,,,,,,,,,,,,,,,,,,,,
c-shape-hoop-earrings,C-shape Hoop Earrings,"<meta charset=""utf-8"">
<p class=""p1"" data-mce-fragment=""1"">Very gorgeous and minimalist C-shape earrings </p>
<p class=""p1"" data-mce-fragment=""1"">MAKE SURE TO READ OUR<span data-mce-fragment=""1""> </span><a href=""https://www.shopmuses.com/pages/jewellry-care"" data-mce-fragment=""1"" target=""_blank"" data-mce-href=""https://www.shopmuses.com/pages/jewellry-care"">JEWEL CARE INSTRUCTIONS</a><span data-mce-fragment=""1""> </span>FOR HOW TO PROPERLY CARE FOR YOUR JEWELLERY. </p>
<ul class=""ul1"" data-mce-fragment=""1"">
<li class=""li1"" data-mce-fragment=""1""><span class=""s1"" data-mce-fragment=""1"">High resistance &amp; Tarnish-free</span></li>
<li class=""li1"" data-mce-fragment=""1"">
<span class=""s1"" data-mce-fragment=""1""></span>Material: Stainless Steel</li>
<li class=""li1"" data-mce-fragment=""1"">
<span class=""s1"" data-mce-fragment=""1""></span>18k Gold plated</li>
<li class=""li1"" data-mce-fragment=""1"">
<span class=""s1"" data-mce-fragment=""1""></span>Lead &amp; Nickel free</li>
<li class=""li1"" data-mce-fragment=""1"">
<span class=""s1"" data-mce-fragment=""1""></span>N.W: 8.4g</li>
<li class=""li1"" data-mce-fragment=""1"">Size: 36mm x 6mm</li>
</ul>",MUSES.,Earrings,"earrings, hoop earrings, new in, vintage",true,Title,Default Title,,,,,"",8.4,shopify,3,deny,manual,10.00,,true,false,"",https://cdn.shopify.com/s/files/1/0502/3016/5669/products/IMG_8620.jpg?v=1610111916,1,,false,,,,,,,,,,,,,,,,,g,,2.68,active
c-shape-hoop-earrings,,,,,,,,,,,,,,,,,,,,,,,,https://cdn.shopify.com/s/files/1/0502/3016/5669/products/IMG_8619.jpg?v=1610111916,2,,,,,,,,,,,,,,,,,,,,,,
c-shape-hoop-earrings,,,,,,,,,,,,,,,,,,,,,,,,https://cdn.shopify.com/s/files/1/0502/3016/5669/products/IMG_8621.jpg?v=1610111174,3,,,,,,,,,,,,,,,,,,,,,,
ella-double-sided-necklace,Ella Double-sided Necklace,"<meta charset=""utf-8"">
<p class=""p1"" data-mce-fragment=""1"">Simple and minimalistic double-sided pendant enamel necklace.</p>
<p class=""p1"" data-mce-fragment=""1"">MAKE SURE TO READ OUR<span data-mce-fragment=""1""> </span><a href=""https://www.shopmuses.com/pages/jewellry-care"" data-mce-fragment=""1"" data-mce-href=""https://www.shopmuses.com/pages/jewellry-care"" target=""_blank"">JEWEL CARE INSTRUCTIONS</a><span data-mce-fragment=""1""> </span>FOR HOW TO PROPERLY CARE FOR YOUR JEWELLERY. </p>
<ul class=""ul1"" data-mce-fragment=""1"">
<li class=""li1"" data-mce-fragment=""1""><span class=""s1"" data-mce-fragment=""1"">High resistance &amp; Tarnish-free</span></li>
<li class=""li1"" data-mce-fragment=""1"">
<span class=""s1"" data-mce-fragment=""1""></span>Material: Stainless Steel</li>
<li class=""li1"" data-mce-fragment=""1"">
<span class=""s1"" data-mce-fragment=""1""></span>18k Gold plated</li>
<li class=""li1"" data-mce-fragment=""1"">
<span class=""s1"" data-mce-fragment=""1""></span>Lead &amp; Nickel free</li>
<li class=""li1"" data-mce-fragment=""1"">
<span class=""s1"" data-mce-fragment=""1""></span>N.W: 4.3g</li>
<li class=""li1"" data-mce-fragment=""1"">Measurement: 42.3+6cm</li>
</ul>",MUSES.,Necklace,"jewellery, necklace, necklaces, new in, vintage",true,Title,Default Title,,,,,"",4.3,shopify,2,deny,manual,15.00,,true,false,"",https://cdn.shopify.com/s/files/1/0502/3016/5669/products/IMG_8624.jpg?v=1610110671,1,,false,,,,,,,,,,,,,,,,,g,,2.04,active
ella-double-sided-necklace,,,,,,,,,,,,,,,,,,,,,,,,https://cdn.shopify.com/s/files/1/0502/3016/5669/products/0904ee38-0099-4927-86d0-8451711a3ee8.png?v=1610110672,2,,,,,,,,,,,,,,,,,,,,,,
ella-double-sided-necklace,,,,,,,,,,,,,,,,,,,,,,,,https://cdn.shopify.com/s/files/1/0502/3016/5669/products/IMG_8617.jpg?v=1610110672,3,,,,,,,,,,,,,,,,,,,,,,
ella-double-sided-necklace,,,,,,,,,,,,,,,,,,,,,,,,https://cdn.shopify.com/s/files/1/0502/3016/5669/products/IMG_5191.jpg?v=1610110672,4,,,,,,,,,,,,,,,,,,,,,,
ella-double-sided-necklace,,,,,,,,,,,,,,,,,,,,,,,,https://cdn.shopify.com/s/files/1/0502/3016/5669/products/IMG_8616.jpg?v=1610110673,5,,,,,,,,,,,,,,,,,,,,,,
krystal-thick-chain-bracelet,Krystal Thick Chain Bracelet,"<meta charset=""utf-8"">
<p class=""p1"" data-mce-fragment=""1"">Crystal stone link chain bracelet. </p>
<p class=""p1"" data-mce-fragment=""1"">MAKE SURE TO READ OUR<span data-mce-fragment=""1""> </span><a href=""https://www.shopmuses.com/pages/jewellry-care"" target=""_blank"" data-mce-href=""https://www.shopmuses.com/pages/jewellry-care"" data-mce-fragment=""1"">JEWEL CARE INSTRUCTIONS</a><span data-mce-fragment=""1""> </span>FOR HOW TO PROPERLY CARE FOR YOUR JEWELLERY. </p>
<ul class=""ul1"" data-mce-fragment=""1"">
<li class=""li1"" data-mce-fragment=""1""><span class=""s1"" data-mce-fragment=""1"">High resistance &amp; Tarnish-free</span></li>
<li class=""li1"" data-mce-fragment=""1"">
<span class=""s1"" data-mce-fragment=""1""></span>Material: Stainless Steel</li>
<li class=""li1"" data-mce-fragment=""1"">
<span class=""s1"" data-mce-fragment=""1""></span>18k Gold plated</li>
<li class=""li1"" data-mce-fragment=""1"">
<span class=""s1"" data-mce-fragment=""1""></span>Lead &amp; Nickel free</li>
<li class=""li1"" data-mce-fragment=""1"">
<span class=""s1"" data-mce-fragment=""1""></span>N.W: 35.5g</li>
</ul>",MUSES.,bangles/bracelets,"bangles, bangles/bracelets, bracelets, jewellery, new in, vintage",true,Title,Default Title,,,,,"",35.5,shopify,2,deny,manual,20.00,,true,false,"",https://cdn.shopify.com/s/files/1/0502/3016/5669/products/IMG_5218.jpg?v=1610110260,1,,false,Gold Vintage Chain Bracelet,,,,,,,,,,,,,,,,g,,3.75,active
krystal-thick-chain-bracelet,,,,,,,,,,,,,,,,,,,,,,,,https://cdn.shopify.com/s/files/1/0502/3016/5669/products/IMG_8615.jpg?v=1610110263,2,,,,,,,,,,,,,,,,,,,,,,
krystal-thick-chain-bracelet,,,,,,,,,,,,,,,,,,,,,,,,https://cdn.shopify.com/s/files/1/0502/3016/5669/products/IMG_5238.jpg?v=1610110263,3,,,,,,,,,,,,,,,,,,,,,,
krystal-thick-chain-bracelet,,,,,,,,,,,,,,,,,,,,,,,,https://cdn.shopify.com/s/files/1/0502/3016/5669/products/IMG_8623.jpg?v=1610110263,4,,,,,,,,,,,,,,,,,,,,,,
krystal-thick-chain-bracelet,,,,,,,,,,,,,,,,,,,,,,,,https://cdn.shopify.com/s/files/1/0502/3016/5669/products/IMG_5220.jpg?v=1610110263,5,,,,,,,,,,,,,,,,,,,,,,
mimi-mini-pu-bag,MIMI mini PU Bag,"<meta charset=""utf-8"">
<p class=""p1"" data-mce-fragment=""1""><b data-mce-fragment=""1"">Specifications:</b> (Width) 12.5cm <br data-mce-fragment=""1""></p>
<p class=""p1"" data-mce-fragment=""1"">                          (Height) 9cm  </p>
<p class=""p1"" data-mce-fragment=""1""><b data-mce-fragment=""1"">Material:</b> PU Leather/ Polyester lining.</p>
<p class=""p1"" data-mce-fragment=""1""><b data-mce-fragment=""1"">Closure: Flap/ Buckle strap</b></p>",MUSES.,Bags,"bags, baguette bag, new in, shoulder bag",true,Color,Orange,,,,,"",125.0,shopify,1,deny,manual,15.00,,true,true,"",https://cdn.shopify.com/s/files/1/0502/3016/5669/products/IMG_5856.jpg?v=1607918137,1,,false,,,,,,,,,,,,,,,,,g,,,active
mimi-mini-pu-bag,,,,,,,,Black,,,,,"",125.0,shopify,1,deny,manual,15.00,,true,true,"",https://cdn.shopify.com/s/files/1/0502/3016/5669/products/IMG_5765.jpg?v=1607918138,2,,,,,,,,,,,,,,,,,,,g,,,
mimi-mini-pu-bag,,,,,,,,Cream,,,,,"",125.0,shopify,1,deny,manual,15.00,,true,true,"",https://cdn.shopify.com/s/files/1/0502/3016/5669/products/IMG_7270.jpg?v=1607918138,3,,,,,,,,,,,,,,,,,,,g,,,
mimi-mini-pu-bag,,,,,,,,,,,,,,,,,,,,,,,,https://cdn.shopify.com/s/files/1/0502/3016/5669/products/IMG_5764.jpg?v=1607918138,4,,,,,,,,,,,,,,,,,,,,,,
pearl-pu-croc-bag,PEARL PU Croc Bag,"<meta charset=""utf-8"">
<p class=""p1"" data-mce-fragment=""1""><b data-mce-fragment=""1"">Specifications:</b> (Width) 26cm <br data-mce-fragment=""1""></p>
<p class=""p1"" data-mce-fragment=""1"">                          (Height) 15.5cm <br data-mce-fragment=""1""></p>
<p class=""p1"" data-mce-fragment=""1""><b data-mce-fragment=""1"">Adjustable Crossbody strap:</b> 60cm </p>
<p class=""p1"" data-mce-fragment=""1""><b data-mce-fragment=""1"">Material:</b> PU Leather/ Polyester lining.</p>
<p class=""p1"" data-mce-fragment=""1""><b data-mce-fragment=""1"">Closure: Zipper</b></p>",MUSES.,Bags,"bags, baguette bag, new in, shoulder bag, vintage",true,Title,Default Title,,,,,"",383.0,shopify,0,deny,manual,20.00,,true,true,"",https://cdn.shopify.com/s/files/1/0502/3016/5669/products/IMG_5892.jpg?v=1607917779,1,,false,,,,,,,,,,,,,,,,,g,,,active
pearl-pu-croc-bag,,,,,,,,,,,,,,,,,,,,,,,,https://cdn.shopify.com/s/files/1/0502/3016/5669/products/IMG_58022.jpg?v=1607917779,2,,,,,,,,,,,,,,,,,,,,,,
pearl-pu-croc-bag,,,,,,,,,,,,,,,,,,,,,,,,https://cdn.shopify.com/s/files/1/0502/3016/5669/products/6cddc01e-cd70-4c29-8e2e-2053bae74f37.jpg?v=1607917779,3,,,,,,,,,,,,,,,,,,,,,,
pearl-pu-croc-bag,,,,,,,,,,,,,,,,,,,,,,,,https://cdn.shopify.com/s/files/1/0502/3016/5669/products/IMG_6670.jpg?v=1607917779,4,,,,,,,,,,,,,,,,,,,,,,
barb-mini-bag,BARB Mini bag,"<meta charset=""utf-8"">
<p class=""p1"" data-mce-fragment=""1""><b data-mce-fragment=""1"">Specifications:</b> (Width) 12.5cm <br data-mce-fragment=""1""></p>
<p class=""p1"" data-mce-fragment=""1"">                          (Height) 9cm <br data-mce-fragment=""1""></p>
<p class=""p1"" data-mce-fragment=""1""><b data-mce-fragment=""1"">Adjustable Crossbody strap:</b> 109cm </p>
<p class=""p1"" data-mce-fragment=""1""><b data-mce-fragment=""1"">Material:</b> PU croc Leather/ Polyester lining.</p>
<p class=""p1"" data-mce-fragment=""1""><b data-mce-fragment=""1"">Closure: Flap cover</b></p>",MUSES.,Bags,"bags, baguette bag, new in, shoulder bag",true,Color,White,,,,,"",172.0,shopify,0,deny,manual,15.00,,true,true,"",https://cdn.shopify.com/s/files/1/0502/3016/5669/products/IMG_5917.jpg?v=1607917470,1,,false,,,,,,,,,,,,,,,,,g,,,active
barb-mini-bag,,,,,,,,Brown,,,,,"",172.0,shopify,1,deny,manual,15.00,,true,true,"",https://cdn.shopify.com/s/files/1/0502/3016/5669/products/5e861654-368e-448e-8b8b-59288a2cc7e6.jpg?v=1607917471,2,,,,,,,,,,,,,,,,,,,g,,,
barb-mini-bag,,,,,,,,,,,,,,,,,,,,,,,,https://cdn.shopify.com/s/files/1/0502/3016/5669/products/IMG_5928.jpg?v=1607917471,3,,,,,,,,,,,,,,,,,,,,,,
barb-mini-bag,,,,,,,,,,,,,,,,,,,,,,,,https://cdn.shopify.com/s/files/1/0502/3016/5669/products/IMG_5852.jpg?v=1607917471,4,,,,,,,,,,,,,,,,,,,,,,
sola-pu-bag,SOLA PU Twist Hand bag,"<meta charset=""utf-8"">
<p class=""p1"" data-mce-fragment=""1""><b data-mce-fragment=""1"">Specifications:</b> (Width) 26.8cm <br data-mce-fragment=""1""></p>
<p class=""p1"" data-mce-fragment=""1"">                          (Height) 15cm <br data-mce-fragment=""1""></p>
<p class=""p1"" data-mce-fragment=""1""><b data-mce-fragment=""1"">Adjustable Crossbody strap:</b> 64cm </p>
<p class=""p1"" data-mce-fragment=""1""><b data-mce-fragment=""1"">Material:</b> PU Leather/ Polyester lining.</p>
<p class=""p1"" data-mce-fragment=""1""><b data-mce-fragment=""1"">Closure: clip</b></p>",MUSES.,Bags,"bags, baguette bag, crossbody bag, new in, shoulder bag",true,Color,white,,,,,"",368.0,shopify,1,deny,manual,25.00,,true,true,"",https://cdn.shopify.com/s/files/1/0502/3016/5669/products/IMG_6982.jpg?v=1607912636,1,,false,,,,,,,,,,,,,,,,,g,,,active
sola-pu-bag,,,,,,,,black,,,,,"",368.0,shopify,1,deny,manual,25.00,,true,true,"",https://cdn.shopify.com/s/files/1/0502/3016/5669/products/IMG_5881.jpg?v=1607912637,2,,,,,,,,,,,,,,,,,,,g,,,
sola-pu-bag,,,,,,,,,,,,,,,,,,,,,,,,https://cdn.shopify.com/s/files/1/0502/3016/5669/products/IMG_6668.jpg?v=1607912637,3,,,,,,,,,,,,,,,,,,,,,,
sola-pu-bag,,,,,,,,,,,,,,,,,,,,,,,,https://cdn.shopify.com/s/files/1/0502/3016/5669/products/89239a34-5010-4cf8-a996-b7da6253ebbf.jpg?v=1607912637,4,,,,,,,,,,,,,,,,,,,,,,
sola-pu-bag,,,,,,,,,,,,,,,,,,,,,,,,https://cdn.shopify.com/s/files/1/0502/3016/5669/products/IMG_6974.jpg?v=1607912637,5,,,,,,,,,,,,,,,,,,,,,,
circle-linked-necklace,Circle Linked Necklace,"<meta charset=""utf-8"">
<p class=""p1"" data-mce-fragment=""1"">MAKE SURE TO READ OUR<span data-mce-fragment=""1""> </span><a href=""https://www.shopmuses.com/pages/jewellry-care"" style=""font-family: -apple-system, BlinkMacSystemFont, 'San Francisco', 'Segoe UI', Roboto, 'Helvetica Neue', sans-serif; font-size: 1.4em;"" target=""_blank"" data-mce-href=""https://www.shopmuses.com/pages/jewellry-care"" data-mce-fragment=""1"">JEWEL CARE INSTRUCTIONS</a><span data-mce-fragment=""1""> </span>FOR HOW TO PROPERLY CARE FOR YOUR JEWELLERY. <br></p>
<ul class=""ul1"" data-mce-fragment=""1"">
<li class=""li1"" data-mce-fragment=""1""><span class=""s1"" data-mce-fragment=""1"">High resistance &amp; Tarnish-free</span></li>
<li class=""li1"" data-mce-fragment=""1"">
<span class=""s1"" data-mce-fragment=""1""></span>Material: Copper</li>
<li class=""li1"" data-mce-fragment=""1"">
<span class=""s1"" data-mce-fragment=""1""></span>Gold plated</li>
<li class=""li1"" data-mce-fragment=""1"">
<span class=""s1"" data-mce-fragment=""1""></span>Lead &amp; Nickel free</li>
<li class=""li1"" data-mce-fragment=""1"">
<span class=""s1"" data-mce-fragment=""1""></span>N.W: 20g</li>
<li class=""li1"" data-mce-fragment=""1"">Measurement: 43+7cm</li>
</ul>",MUSES.,Necklace,"necklace, necklaces, new in",true,Title,Default Title,,,,,"",20.0,shopify,2,deny,manual,15.00,,true,true,"",https://cdn.shopify.com/s/files/1/0502/3016/5669/products/n10.png?v=1607900849,1,,false,,,,,,,,,,,,,,,,,g,,,active
circle-linked-necklace,,,,,,,,,,,,,,,,,,,,,,,,https://cdn.shopify.com/s/files/1/0502/3016/5669/products/IMG_7187.jpg?v=1607900849,2,,,,,,,,,,,,,,,,,,,,,,
circle-linked-necklace,,,,,,,,,,,,,,,,,,,,,,,,https://cdn.shopify.com/s/files/1/0502/3016/5669/products/n9.png?v=1607900850,3,,,,,,,,,,,,,,,,,,,,,,
circle-linked-necklace,,,,,,,,,,,,,,,,,,,,,,,,https://cdn.shopify.com/s/files/1/0502/3016/5669/products/IMG_4696.jpg?v=1607900850,4,,,,,,,,,,,,,,,,,,,,,,
double-chain-choker-necklace,Double Chain Choker Necklace,"<meta charset=""utf-8"">
<p class=""p1"" data-mce-fragment=""1"">MAKE SURE TO READ OUR<span data-mce-fragment=""1""> </span><a href=""https://www.shopmuses.com/pages/jewellry-care"" style=""font-family: -apple-system, BlinkMacSystemFont, 'San Francisco', 'Segoe UI', Roboto, 'Helvetica Neue', sans-serif; font-size: 1.4em;"" target=""_blank"" data-mce-href=""https://www.shopmuses.com/pages/jewellry-care"" data-mce-fragment=""1"">JEWEL CARE INSTRUCTIONS</a><span data-mce-fragment=""1""> </span>FOR HOW TO PROPERLY CARE FOR YOUR JEWELLERY. <br></p>
<ul class=""ul1"" data-mce-fragment=""1"">
<li class=""li1"" data-mce-fragment=""1""><span class=""s1"" data-mce-fragment=""1"">High resistance &amp; Tarnish-free</span></li>
<li class=""li1"" data-mce-fragment=""1"">
<span class=""s1"" data-mce-fragment=""1""></span>Material: Stainless Steel</li>
<li class=""li1"" data-mce-fragment=""1"">
<span class=""s1"" data-mce-fragment=""1""></span>18k Gold plated</li>
<li class=""li1"" data-mce-fragment=""1"">
<span class=""s1"" data-mce-fragment=""1""></span>Lead &amp; Nickel free</li>
<li class=""li1"" data-mce-fragment=""1"">
<span class=""s1"" data-mce-fragment=""1""></span>N.W: 73g</li>
<li class=""li1"" data-mce-fragment=""1"">Measurement: 40+5cm</li>
<li class=""li1"" data-mce-fragment=""1"">Colour: Dark Gold</li>
</ul>",MUSES.,Necklace,"necklace, necklaces, new in",true,Title,Default Title,,,,,"",73.0,shopify,2,deny,manual,25.00,,true,false,"",https://cdn.shopify.com/s/files/1/0502/3016/5669/products/n6_c29ad29b-28a6-43a1-8c0c-79c4a7ba1161.jpg?v=1607899516,1,,false,,,,,,,,,,,,,,,,,g,,10.73,active
double-chain-choker-necklace,,,,,,,,,,,,,,,,,,,,,,,,https://cdn.shopify.com/s/files/1/0502/3016/5669/products/IMG_4914.jpg?v=1607899516,2,,,,,,,,,,,,,,,,,,,,,,
double-chain-choker-necklace,,,,,,,,,,,,,,,,,,,,,,,,https://cdn.shopify.com/s/files/1/0502/3016/5669/products/n7.png?v=1607899517,3,,,,,,,,,,,,,,,,,,,,,,
double-chain-choker-necklace,,,,,,,,,,,,,,,,,,,,,,,,https://cdn.shopify.com/s/files/1/0502/3016/5669/products/IMG_4916.jpg?v=1607899517,4,,,,,,,,,,,,,,,,,,,,,,
bawdy-3d-pendant-necklace,Bawdy 3D Pendant Necklace,"<meta charset=""utf-8"">
<p class=""p1"" data-mce-fragment=""1"">Bawdy awdyyy 3d thick thighs pedant necklace.</p>
<p class=""p1"" data-mce-fragment=""1"">MAKE SURE TO READ OUR<span data-mce-fragment=""1""> </span><a href=""https://www.shopmuses.com/pages/jewellry-care"" data-mce-fragment=""1"" target=""_blank"" data-mce-href=""https://www.shopmuses.com/pages/jewellry-care"">JEWEL CARE INSTRUCTIONS</a><span data-mce-fragment=""1""> </span>FOR HOW TO PROPERLY CARE FOR YOUR JEWELLERY. </p>
<ul class=""ul1"" data-mce-fragment=""1"">
<li class=""li1"" data-mce-fragment=""1""><span class=""s1"" data-mce-fragment=""1"">High resistance &amp; Tarnish-free</span></li>
<li class=""li1"" data-mce-fragment=""1"">
<span class=""s1"" data-mce-fragment=""1""></span>Material: Environmental Brass</li>
<li class=""li1"" data-mce-fragment=""1"">
<span class=""s1"" data-mce-fragment=""1""></span>18k Gold plated</li>
<li class=""li1"" data-mce-fragment=""1"">
<span class=""s1"" data-mce-fragment=""1""></span>Lead &amp; Nickel free</li>
<li class=""li1"" data-mce-fragment=""1"">
<span class=""s1"" data-mce-fragment=""1""></span>N.W: 28g</li>
<li class=""li1"" data-mce-fragment=""1"">Measurement: 47.5cm chain length</li>
</ul>
<p>                                    pendant: 3.8cm</p>",MUSES.,Necklace,"necklace, necklaces, new in",true,Title,Default Title,,,,,"",28.0,shopify,2,deny,manual,20.00,,true,false,"",https://cdn.shopify.com/s/files/1/0502/3016/5669/products/IMG_5884.jpg?v=1607899268,1,,false,3D Femme Body Pendant Necklace,,,,,,,,,,,,,,,,g,,11.18,active
bawdy-3d-pendant-necklace,,,,,,,,,,,,,,,,,,,,,,,,https://cdn.shopify.com/s/files/1/0502/3016/5669/products/IMG_4889.jpg?v=1607899268,2,,,,,,,,,,,,,,,,,,,,,,
bawdy-3d-pendant-necklace,,,,,,,,,,,,,,,,,,,,,,,,https://cdn.shopify.com/s/files/1/0502/3016/5669/products/IMG_4893.jpg?v=1607899268,3,,,,,,,,,,,,,,,,,,,,,,
bawdy-3d-pendant-necklace,,,,,,,,,,,,,,,,,,,,,,,,https://cdn.shopify.com/s/files/1/0502/3016/5669/products/IMG_7262.jpg?v=1607899268,4,,,,,,,,,,,,,,,,,,,,,,
coco-chain-hoop-earrings,Coco Chain Hoop Earrings,"<meta charset=""utf-8"">
<p class=""p1"" data-mce-fragment=""1"">Pretty medium-sized link chain hoop earrings.</p>
<p class=""p1"" data-mce-fragment=""1"">MAKE SURE TO READ OUR<span data-mce-fragment=""1""> </span><a href=""https://www.shopmuses.com/pages/jewellry-care"" target=""_blank"" data-mce-href=""https://www.shopmuses.com/pages/jewellry-care"" data-mce-fragment=""1"">JEWEL CARE INSTRUCTIONS</a><span data-mce-fragment=""1""> </span>FOR HOW TO PROPERLY CARE FOR YOUR JEWELLERY. </p>
<ul class=""ul1"" data-mce-fragment=""1"">
<li class=""li1"" data-mce-fragment=""1""><span class=""s1"" data-mce-fragment=""1"">High resistance &amp; Tarnish-free</span></li>
<li class=""li1"" data-mce-fragment=""1"">
<span class=""s1"" data-mce-fragment=""1""></span>Material: Environmental Brass</li>
<li class=""li1"" data-mce-fragment=""1"">
<span class=""s1"" data-mce-fragment=""1""></span>18k Gold plated</li>
<li class=""li1"" data-mce-fragment=""1"">
<span class=""s1"" data-mce-fragment=""1""></span>Lead &amp; Nickel free</li>
<li class=""li1"" data-mce-fragment=""1"">
<span class=""s1"" data-mce-fragment=""1""></span>N.W: 8.5g/piece</li>
</ul>",MUSES.,Earrings,"earrings, hoop earrings, new in",true,Title,Default Title,,,,,"",8.5,shopify,2,deny,manual,20.00,,true,false,"",https://cdn.shopify.com/s/files/1/0502/3016/5669/products/IMG_7260.jpg?v=1607898886,1,,false,,,,,,,,,,,,,,,,,g,,11.71,active
coco-chain-hoop-earrings,,,,,,,,,,,,,,,,,,,,,,,,https://cdn.shopify.com/s/files/1/0502/3016/5669/products/IMG_4859.jpg?v=1607898886,2,,,,,,,,,,,,,,,,,,,,,,
coco-chain-hoop-earrings,,,,,,,,,,,,,,,,,,,,,,,,https://cdn.shopify.com/s/files/1/0502/3016/5669/products/IMG_4860.jpg?v=1607898886,3,,,,,,,,,,,,,,,,,,,,,,
coco-chain-hoop-earrings,,,,,,,,,,,,,,,,,,,,,,,,https://cdn.shopify.com/s/files/1/0502/3016/5669/products/IMG_6398.jpg?v=1607918879,4,,,,,,,,,,,,,,,,,,,,,,
ewa-gem-stone-choker,EWA Gem Stone Choker,"<meta charset=""utf-8"">
<div data-mce-fragment=""1"" class=""product__description rte"" itemprop=""description"">
<p data-mce-fragment=""1"" class=""p1"">Emerald stone chain necklace. Simple but glam.</p>
<p data-mce-fragment=""1"" class=""p1"">MAKE SURE TO READ OUR<span data-mce-fragment=""1""> </span><a data-mce-fragment=""1"" href=""https://www.shopmuses.com/pages/jewellry-care"" data-mce-href=""https://www.shopmuses.com/pages/jewellry-care"" target=""_blank"">JEWEL CARE INSTRUCTIONS</a><span data-mce-fragment=""1""> </span>FOR HOW TO PROPERLY CARE FOR YOUR JEWELLERY. </p>
<ul data-mce-fragment=""1"" class=""ul1"">
<li data-mce-fragment=""1"" class=""li1""><span data-mce-fragment=""1"" class=""s1"">High resistance &amp; Tarnish-free</span></li>
<li data-mce-fragment=""1"" class=""li1"">
<span data-mce-fragment=""1"" class=""s1""></span>Material: Stainless Steel</li>
<li data-mce-fragment=""1"" class=""li1"">
<span data-mce-fragment=""1"" class=""s1""></span>18k Gold plated</li>
<li data-mce-fragment=""1"" class=""li1"">
<span data-mce-fragment=""1"" class=""s1""></span>Lead &amp; Nickel free</li>
<li data-mce-fragment=""1"" class=""li1"">
<span data-mce-fragment=""1"" class=""s1""></span>N.W: 16g</li>
<li data-mce-fragment=""1"" class=""li1"">Measurement: 38+5cm</li>
<li data-mce-fragment=""1"" class=""li1"">Colour: Dark Gold</li>
</ul>
<p data-mce-fragment=""1""><br></p>
</div>
<div data-mce-fragment=""1"" class=""product__form-container"" itemtype=""http://schema.org/Offer"" itemscope="""" itemprop=""offers"">
<div data-mce-fragment=""1"" class=""product__form-wrapper product__form-wrapper--bottom""><form data-mce-fragment=""1"" enctype=""multipart/form-data"" class=""product-form"" id=""product_form_6002784010405"" action=""https://www.shopmuses.com/cart/add"" method=""post"" accept-charset=""UTF-8""></form></div>
</div>",MUSES.,Necklace,"jewellery, necklace, necklaces, new in",true,Title,Default Title,,,,,"",16.0,shopify,1,deny,manual,30.00,,true,false,"",https://cdn.shopify.com/s/files/1/0502/3016/5669/products/n11.jpg?v=1607897601,1,,false,,,,,,,,,,,,,,,,,g,,10.01,active
ewa-gem-stone-choker,,,,,,,,,,,,,,,,,,,,,,,,https://cdn.shopify.com/s/files/1/0502/3016/5669/products/IMG_4838.jpg?v=1607897601,2,,,,,,,,,,,,,,,,,,,,,,
ewa-gem-stone-choker,,,,,,,,,,,,,,,,,,,,,,,,https://cdn.shopify.com/s/files/1/0502/3016/5669/products/n12.jpg?v=1607897601,3,,,,,,,,,,,,,,,,,,,,,,
ewa-gem-stone-choker,,,,,,,,,,,,,,,,,,,,,,,,https://cdn.shopify.com/s/files/1/0502/3016/5669/products/0bcc64ee-35cb-45b5-ba78-c4d1438b5757.jpg?v=1607897601,4,,,,,,,,,,,,,,,,,,,,,,
emerald-link-bracelet,Emerald Link Bracelet,"<meta charset=""utf-8"">
<p class=""p1"" data-mce-fragment=""1"">Emerald stone link chain bracelet. Can be paired with the <a href=""https://www.shopmuses.com/collections/rings/products/hazel-gem-stone-ring"">Emerald Gem Stone Ring</a></p>
<p class=""p1"" data-mce-fragment=""1"">MAKE SURE TO READ OUR<span data-mce-fragment=""1""> </span><a href=""https://www.shopmuses.com/pages/jewellry-care"" data-mce-fragment=""1"" target=""_blank"" data-mce-href=""https://www.shopmuses.com/pages/jewellry-care"">JEWEL CARE INSTRUCTIONS</a><span data-mce-fragment=""1""> </span>FOR HOW TO PROPERLY CARE FOR YOUR JEWELLERY. </p>
<ul class=""ul1"" data-mce-fragment=""1"">
<li class=""li1"" data-mce-fragment=""1""><span class=""s1"" data-mce-fragment=""1"">High resistance &amp; Tarnish-free</span></li>
<li class=""li1"" data-mce-fragment=""1"">
<span class=""s1"" data-mce-fragment=""1""></span>Material: Stainless Steel</li>
<li class=""li1"" data-mce-fragment=""1"">
<span class=""s1"" data-mce-fragment=""1""></span>18k Gold plated</li>
<li class=""li1"" data-mce-fragment=""1"">
<span class=""s1"" data-mce-fragment=""1""></span>Lead &amp; Nickel free</li>
<li class=""li1"" data-mce-fragment=""1"">
<span class=""s1"" data-mce-fragment=""1""></span>N.W: 30g</li>
<li class=""li1"" data-mce-fragment=""1"">Measurement: 18cm</li>
</ul>
<p data-mce-fragment=""1""><br></p>",MUSES.,bangles/bracelets,"bangles, bangles/bracelets, bracelets, new in",true,Title,Default Title,,,,,"",30.0,shopify,2,deny,manual,30.00,,true,false,"",https://cdn.shopify.com/s/files/1/0502/3016/5669/products/IMG_7257.jpg?v=1607897255,1,,false,,,,,,,,,,,,,,,,,g,,14.71,active
emerald-link-bracelet,,,,,,,,,,,,,,,,,,,,,,,,https://cdn.shopify.com/s/files/1/0502/3016/5669/products/IMG_4900.jpg?v=1607897256,2,,,,,,,,,,,,,,,,,,,,,,
emerald-link-bracelet,,,,,,,,,,,,,,,,,,,,,,,,https://cdn.shopify.com/s/files/1/0502/3016/5669/products/IMG_7259.jpg?v=1607897256,3,,,,,,,,,,,,,,,,,,,,,,
emerald-link-bracelet,,,,,,,,,,,,,,,,,,,,,,,,https://cdn.shopify.com/s/files/1/0502/3016/5669/products/IMG_4906.jpg?v=1607897256,4,,,,,,,,,,,,,,,,,,,,,,
emerald-link-bracelet,,,,,,,,,,,,,,,,,,,,,,,,https://cdn.shopify.com/s/files/1/0502/3016/5669/products/IMG_4902.jpg?v=1607897256,5,,,,,,,,,,,,,,,,,,,,,,
bb-geometric-bracelet,BB Geometric Bracelet,"<meta charset=""utf-8"">
<p class=""p1"" data-mce-fragment=""1"">Geometric hollow link chain bracelet.</p>
<p class=""p1"" data-mce-fragment=""1"">MAKE SURE TO READ OUR<span data-mce-fragment=""1""> </span><a href=""https://www.shopmuses.com/pages/jewellry-care"" data-mce-fragment=""1"" target=""_blank"" data-mce-href=""https://www.shopmuses.com/pages/jewellry-care"">JEWEL CARE INSTRUCTIONS</a><span data-mce-fragment=""1""> </span>FOR HOW TO PROPERLY CARE FOR YOUR JEWELLERY. </p>
<ul class=""ul1"" data-mce-fragment=""1"">
<li class=""li1"" data-mce-fragment=""1""><span class=""s1"" data-mce-fragment=""1"">High resistance &amp; Tarnish-free</span></li>
<li class=""li1"" data-mce-fragment=""1"">
<span class=""s1"" data-mce-fragment=""1""></span>Material: Environmental Brass</li>
<li class=""li1"" data-mce-fragment=""1"">
<span class=""s1"" data-mce-fragment=""1""></span>18k Gold plated</li>
<li class=""li1"" data-mce-fragment=""1"">
<span class=""s1"" data-mce-fragment=""1""></span>Lead &amp; Nickel free</li>
<li class=""li1"" data-mce-fragment=""1"">
<span class=""s1"" data-mce-fragment=""1""></span>N.W: 13g</li>
<li class=""li1"" data-mce-fragment=""1"">Measurement: 17+5.5cm</li>
</ul>",MUSES.,bangles/bracelets,"bangles, bangles/bracelets, bracelets, new in",true,Title,Default Title,,,,,"",12.0,shopify,1,deny,manual,25.00,,true,true,"",https://cdn.shopify.com/s/files/1/0502/3016/5669/products/IMG_7266.jpg?v=1607901010,1,,false,,,,,,,,,,,,,,,,,g,,9.87,active
bb-geometric-bracelet,,,,,,,,,,,,,,,,,,,,,,,,https://cdn.shopify.com/s/files/1/0502/3016/5669/products/IMG_4828.jpg?v=1607900990,2,,,,,,,,,,,,,,,,,,,,,,
bb-geometric-bracelet,,,,,,,,,,,,,,,,,,,,,,,,https://cdn.shopify.com/s/files/1/0502/3016/5669/products/IMG_4831.jpg?v=1607900990,3,,,,,,,,,,,,,,,,,,,,,,
bb-geometric-bracelet,,,,,,,,,,,,,,,,,,,,,,,,https://cdn.shopify.com/s/files/1/0502/3016/5669/products/IMG_6400.jpg?v=1607900990,4,,,,,,,,,,,,,,,,,,,,,,
chunky-lines-signet-ring,Chunky Lines Signet Ring,"<meta charset=""utf-8"">
<p class=""p1"" data-mce-fragment=""1"">Chunky punk lines gold signet ring.</p>
<p class=""p1"" data-mce-fragment=""1"">MAKE SURE TO READ OUR<span data-mce-fragment=""1""> </span><a href=""https://www.shopmuses.com/pages/jewellry-care"" target=""_blank"" data-mce-href=""https://www.shopmuses.com/pages/jewellry-care"" data-mce-fragment=""1"">JEWEL CARE INSTRUCTIONS</a><span data-mce-fragment=""1""> </span>FOR HOW TO PROPERLY CARE FOR YOUR JEWELLERY. </p>
<ul class=""ul1"" data-mce-fragment=""1"">
<li class=""li1"" data-mce-fragment=""1""><span class=""s1"" data-mce-fragment=""1"">High resistance &amp; Tarnish-free</span></li>
<li class=""li1"" data-mce-fragment=""1"">
<span class=""s1"" data-mce-fragment=""1""></span>Material: Stainless Steel</li>
<li class=""li1"" data-mce-fragment=""1"">
<span class=""s1"" data-mce-fragment=""1""></span>18k Gold plated</li>
<li class=""li1"" data-mce-fragment=""1"">
<span class=""s1"" data-mce-fragment=""1""></span>Lead &amp; Nickel free</li>
<li class=""li1"" data-mce-fragment=""1"">
<span class=""s1"" data-mce-fragment=""1""></span>N.W: 9g</li>
<li class=""li1"" data-mce-fragment=""1"">Size: 7</li>
</ul>
<p data-mce-fragment=""1"">See here for<span data-mce-fragment=""1""> </span><a href=""https://www.shopmuses.com/pages/sizes"" data-mce-fragment=""1"" target=""_blank"" data-mce-href=""https://www.shopmuses.com/pages/sizes"">Ring Size Guide</a></p>",MUSES.,Rings,"gold ring, new in, pearl ring, ring, signet ring",true,Title,Default Title,,,,,"",9.0,shopify,2,deny,manual,15.00,,true,false,"",https://cdn.shopify.com/s/files/1/0502/3016/5669/products/c1cfac97-331e-4792-ac53-31484471831f.png?v=1610110924,1,,false,,,,,,,,,,,,,,,,,g,,7.82,active
chunky-lines-signet-ring,,,,,,,,,,,,,,,,,,,,,,,,https://cdn.shopify.com/s/files/1/0502/3016/5669/products/aba7cc99-3a7d-4221-a46b-4a5d5c786634.png?v=1610110924,2,,,,,,,,,,,,,,,,,,,,,,
chunky-lines-signet-ring,,,,,,,,,,,,,,,,,,,,,,,,https://cdn.shopify.com/s/files/1/0502/3016/5669/products/a402eff9-b163-425c-aa69-90c877e7b49f.jpg?v=1607896617,3,,,,,,,,,,,,,,,,,,,,,,
chunky-lines-signet-ring,,,,,,,,,,,,,,,,,,,,,,,,https://cdn.shopify.com/s/files/1/0502/3016/5669/products/IMG_4875.jpg?v=1607896617,4,,,,,,,,,,,,,,,,,,,,,,
oma-watch-band-bracelet,OMA Watch Band Bracelet,"<meta charset=""utf-8"">
<p class=""p1"" data-mce-fragment=""1"">Very gorgeous and slim watch-band bracelet. </p>
<p class=""p1"" data-mce-fragment=""1"">MAKE SURE TO READ OUR<span data-mce-fragment=""1""> </span><a href=""https://www.shopmuses.com/pages/jewellry-care"" data-mce-fragment=""1"" target=""_blank"" data-mce-href=""https://www.shopmuses.com/pages/jewellry-care"">JEWEL CARE INSTRUCTIONS</a><span data-mce-fragment=""1""> </span>FOR HOW TO PROPERLY CARE FOR YOUR JEWELLERY. </p>
<ul class=""ul1"" data-mce-fragment=""1"">
<li class=""li1"" data-mce-fragment=""1""><span class=""s1"" data-mce-fragment=""1"">High resistance &amp; Tarnish-free</span></li>
<li class=""li1"" data-mce-fragment=""1"">
<span class=""s1"" data-mce-fragment=""1""></span>Material: Environmental Brass</li>
<li class=""li1"" data-mce-fragment=""1"">
<span class=""s1"" data-mce-fragment=""1""></span>18k Gold plated</li>
<li class=""li1"" data-mce-fragment=""1"">
<span class=""s1"" data-mce-fragment=""1""></span>Lead &amp; Nickel free</li>
<li class=""li1"" data-mce-fragment=""1"">
<span class=""s1"" data-mce-fragment=""1""></span>N.W: 8g</li>
<li class=""li1"" data-mce-fragment=""1"">length: 17.5+6.5cm</li>
</ul>
<p data-mce-fragment=""1""><br></p>",MUSES.,bangles/bracelets,"bangles, bangles/bracelets, bracelets, new in",true,Title,Default Title,,,,,"",8.0,shopify,3,deny,manual,20.00,,true,true,"",https://cdn.shopify.com/s/files/1/0502/3016/5669/products/n8.jpg?v=1607896141,1,,false,,,,,,,,,,,,,,,,,g,,9.26,active
oma-watch-band-bracelet,,,,,,,,,,,,,,,,,,,,,,,,https://cdn.shopify.com/s/files/1/0502/3016/5669/products/IMG_4855.jpg?v=1607896141,2,,,,,,,,,,,,,,,,,,,,,,
oma-watch-band-bracelet,,,,,,,,,,,,,,,,,,,,,,,,https://cdn.shopify.com/s/files/1/0502/3016/5669/products/IMG_4854.jpg?v=1607896141,3,,,,,,,,,,,,,,,,,,,,,,
oma-watch-band-bracelet,,,,,,,,,,,,,,,,,,,,,,,,https://cdn.shopify.com/s/files/1/0502/3016/5669/products/IMG_6402.jpg?v=1607918980,4,,,,,,,,,,,,,,,,,,,,,,
3-point-ball-ring,3-point ball ring,"<meta charset=""utf-8"">
<p class=""p1"" data-mce-fragment=""1"">Very trendy and chic 3-ball ring.</p>
<p class=""p1"" data-mce-fragment=""1"">MAKE SURE TO READ OUR<span data-mce-fragment=""1""> </span><a href=""https://www.shopmuses.com/pages/jewellry-care"" data-mce-fragment=""1"" target=""_blank"" data-mce-href=""https://www.shopmuses.com/pages/jewellry-care"">JEWEL CARE INSTRUCTIONS</a><span data-mce-fragment=""1""> </span>FOR HOW TO PROPERLY CARE FOR YOUR JEWELLERY. </p>
<ul class=""ul1"" data-mce-fragment=""1"">
<li class=""li1"" data-mce-fragment=""1""><span class=""s1"" data-mce-fragment=""1"">High resistance &amp; Tarnish free</span></li>
<li class=""li1"" data-mce-fragment=""1"">
<span class=""s1"" data-mce-fragment=""1""></span>Material: Stainless Steel</li>
<li class=""li1"" data-mce-fragment=""1"">
<span class=""s1"" data-mce-fragment=""1""></span>18k Gold plated</li>
<li class=""li1"" data-mce-fragment=""1"">
<span class=""s1"" data-mce-fragment=""1""></span>Lead &amp; Nickel free</li>
<li class=""li1"" data-mce-fragment=""1"">
<span class=""s1"" data-mce-fragment=""1""></span>N.W.: 8g</li>
<li class=""li1"" data-mce-fragment=""1"">Size: adjustable</li>
</ul>
<p data-mce-fragment=""1"">See here for<span data-mce-fragment=""1""> </span><a href=""https://www.shopmuses.com/pages/sizes"" data-mce-fragment=""1"" target=""_blank"" data-mce-href=""https://www.shopmuses.com/pages/sizes"">Ring Size Guide</a></p>",MUSES.,Rings,"gold ring, new in, ring, signet ring",true,Title,Default Title,,,,,"",7.8,shopify,3,deny,manual,15.99,,true,true,"",https://cdn.shopify.com/s/files/1/0502/3016/5669/products/5639cf66-8b0e-4276-9aed-41a35b4dfa7e.png?v=1607895876,1,,false,,,,,,,,,,,,,,,,,g,,7.43,active
3-point-ball-ring,,,,,,,,,,,,,,,,,,,,,,,,https://cdn.shopify.com/s/files/1/0502/3016/5669/products/IMG_4909.jpg?v=1607895876,2,,,,,,,,,,,,,,,,,,,,,,
3-point-ball-ring,,,,,,,,,,,,,,,,,,,,,,,,https://cdn.shopify.com/s/files/1/0502/3016/5669/products/IMG_4907.jpg?v=1607895876,3,,,,,,,,,,,,,,,,,,,,,,
3-point-ball-ring,,,,,,,,,,,,,,,,,,,,,,,,https://cdn.shopify.com/s/files/1/0502/3016/5669/products/IMG_4913.jpg?v=1607895876,4,,,,,,,,,,,,,,,,,,,,,,
sophia-cuff-bangles,Sophia Cuff Bangles,"<meta charset=""utf-8"">
<p class=""p1"" data-mce-fragment=""1"">Link chain cuff bangles, the perfect accessory for any occasion. </p>
<p class=""p1"" data-mce-fragment=""1"">MAKE SURE TO READ OUR<span data-mce-fragment=""1""> </span><a href=""https://www.shopmuses.com/pages/jewellry-care"" data-mce-fragment=""1"" target=""_blank"" data-mce-href=""https://www.shopmuses.com/pages/jewellry-care"">JEWEL CARE INSTRUCTIONS</a><span data-mce-fragment=""1""> </span>FOR HOW TO PROPERLY CARE FOR YOUR JEWELLERY. </p>
<ul class=""ul1"" data-mce-fragment=""1"">
<li class=""li1"" data-mce-fragment=""1""><span class=""s1"" data-mce-fragment=""1"">High resistance &amp; Tarnish-free</span></li>
<li class=""li1"" data-mce-fragment=""1"">
<span class=""s1"" data-mce-fragment=""1""></span>Material:  Environmental Copper</li>
<li class=""li1"" data-mce-fragment=""1"">18k Gold plated</li>
<li class=""li1"" data-mce-fragment=""1"">
<span class=""s1"" data-mce-fragment=""1""></span>Lead &amp; Nickel free</li>
<li class=""li1"" data-mce-fragment=""1"">
<span class=""s1"" data-mce-fragment=""1""></span>N.W: 31g</li>
</ul>
<p data-mce-fragment=""1""><br></p>",MUSES.,bangles/bracelets,"bangles, bangles/bracelets, bracelets, new in",true,Title,Default Title,,,,,"",31.0,shopify,2,deny,manual,35.00,,true,true,"",https://cdn.shopify.com/s/files/1/0502/3016/5669/products/0ccd9061-2142-454d-8f3b-a74e78f392a3.jpg?v=1607919117,1,,false,,,,,,,,,,,,,,,,,g,,12.84,active
sophia-cuff-bangles,,,,,,,,,,,,,,,,,,,,,,,,https://cdn.shopify.com/s/files/1/0502/3016/5669/products/79ef310c-aeeb-40f1-89ad-a380da3aa689.jpg?v=1607919117,2,,,,,,,,,,,,,,,,,,,,,,
sophia-cuff-bangles,,,,,,,,,,,,,,,,,,,,,,,,https://cdn.shopify.com/s/files/1/0502/3016/5669/products/IMG_4833.jpg?v=1607919117,3,,,,,,,,,,,,,,,,,,,,,,
sophia-cuff-bangles,,,,,,,,,,,,,,,,,,,,,,,,https://cdn.shopify.com/s/files/1/0502/3016/5669/products/IMG_6404.jpg?v=1607919143,4,,,,,,,,,,,,,,,,,,,,,,
chunky-punk-ring,Chunky Punk Ring,"<meta charset=""utf-8"">
<p class=""p1"" data-mce-fragment=""1"">Chunky punk gold unisex signet ring.</p>
<p class=""p1"" data-mce-fragment=""1"">MAKE SURE TO READ OUR<span data-mce-fragment=""1""> </span><a href=""https://www.shopmuses.com/pages/jewellry-care"" target=""_blank"" data-mce-href=""https://www.shopmuses.com/pages/jewellry-care"" data-mce-fragment=""1"">JEWEL CARE INSTRUCTIONS</a><span data-mce-fragment=""1""> </span>FOR HOW TO PROPERLY CARE FOR YOUR JEWELLERY. </p>
<ul class=""ul1"" data-mce-fragment=""1"">
<li class=""li1"" data-mce-fragment=""1""><span class=""s1"" data-mce-fragment=""1"">High resistance &amp; Tarnish free</span></li>
<li class=""li1"" data-mce-fragment=""1"">
<span class=""s1"" data-mce-fragment=""1""></span>Material: Stainless Steel</li>
<li class=""li1"" data-mce-fragment=""1"">
<span class=""s1"" data-mce-fragment=""1""></span>18k Gold plated</li>
<li class=""li1"" data-mce-fragment=""1"">
<span class=""s1"" data-mce-fragment=""1""></span>Lead &amp; Nickel free</li>
<li class=""li1"" data-mce-fragment=""1"">
<span class=""s1"" data-mce-fragment=""1""></span>N.W : 22g</li>
<li class=""li1"" data-mce-fragment=""1"">Size: 7/8</li>
</ul>
<p>See here for<span> </span><a href=""https://www.shopmuses.com/pages/sizes"" target=""_blank"">Ring Size Guide</a></p>",MUSES.,Rings,"gold ring, new in, ring, signet ring",true,Size,7,,,,,"",22.0,shopify,2,deny,manual,15.00,,true,true,"",https://cdn.shopify.com/s/files/1/0502/3016/5669/products/IMG_7263.jpg?v=1607894830,1,,false,Chunky Signet Ring,,,,,,,,,,,,,,,,kg,,7.43,active
chunky-punk-ring,,,,,,,,8,,,,,"",22.0,shopify,1,deny,manual,15.00,,true,true,"",https://cdn.shopify.com/s/files/1/0502/3016/5669/products/n3.jpg?v=1607894830,2,,,,,,,,,,,,,,,,,,,kg,,7.43,
chunky-punk-ring,,,,,,,,,,,,,,,,,,,,,,,,https://cdn.shopify.com/s/files/1/0502/3016/5669/products/IMG_4871.jpg?v=1607894830,3,,,,,,,,,,,,,,,,,,,,,,
india-twist-hoop-earrings,India Twist Hoop Earrings,"<meta charset=""utf-8"">
<p class=""p1"" data-mce-fragment=""1"">Gorgeous and trendy Hoop Earrings.</p>
<p class=""p1"" data-mce-fragment=""1"">MAKE SURE TO READ OUR<span data-mce-fragment=""1""> </span><a href=""https://www.shopmuses.com/pages/jewellry-care"" data-mce-fragment=""1"" data-mce-href=""https://www.shopmuses.com/pages/jewellry-care"">JEWEL CARE INSTRUCTIONS<span data-mce-fragment=""1""> </span></a>FOR HOW TO PROPERLY CARE FOR YOUR JEWELLERY. </p>
<ul class=""ul1"" data-mce-fragment=""1"">
<li class=""li1"" data-mce-fragment=""1""><span class=""s1"" data-mce-fragment=""1"">High resistance, tarnish-free</span></li>
<li class=""li1"" data-mce-fragment=""1"">
<span class=""s1"" data-mce-fragment=""1""></span>Material: Stainless steel</li>
<li class=""li1"" data-mce-fragment=""1"">
<span class=""s1"" data-mce-fragment=""1""></span>18k Gold plated</li>
<li class=""li1"" data-mce-fragment=""1"">
<span class=""s1"" data-mce-fragment=""1""></span>Lead &amp; Nickel free</li>
<li class=""li1"" data-mce-fragment=""1"">
<span class=""s1"" data-mce-fragment=""1""></span>N.W: 7g/piece</li>
</ul>",MUSES.,Earrings,"earrings, hoop earrings, new in",true,Title,Default Title,,,,,"",7.0,shopify,3,deny,manual,15.00,,true,false,"",https://cdn.shopify.com/s/files/1/0502/3016/5669/products/8e3fa604-d95c-405e-abba-fb5c75483dc6.jpg?v=1607893917,1,,false,,,,,,,,,,,,,,,,,g,,6.32,active
india-twist-hoop-earrings,,,,,,,,,,,,,,,,,,,,,,,,https://cdn.shopify.com/s/files/1/0502/3016/5669/products/n4.jpg?v=1607893917,2,,,,,,,,,,,,,,,,,,,,,,
india-twist-hoop-earrings,,,,,,,,,,,,,,,,,,,,,,,,https://cdn.shopify.com/s/files/1/0502/3016/5669/products/IMG_4898.jpg?v=1607893917,3,,,,,,,,,,,,,,,,,,,,,,
india-twist-hoop-earrings,,,,,,,,,,,,,,,,,,,,,,,,https://cdn.shopify.com/s/files/1/0502/3016/5669/products/IMG_4896.jpg?v=1607893917,4,,,,,,,,,,,,,,,,,,,,,,
marcella-hoop-earrings,Marcella hoop earrings,"<meta charset=""utf-8"">
<p class=""p1"" data-mce-fragment=""1"">Gorgeous and trendy Hoop Earrings.</p>
<p class=""p1"" data-mce-fragment=""1"">MAKE SURE TO READ OUR<span data-mce-fragment=""1""> </span><a href=""https://www.shopmuses.com/pages/jewellry-care"" data-mce-fragment=""1"" data-mce-href=""https://www.shopmuses.com/pages/jewellry-care"">JEWEL CARE INSTRUCTIONS<span data-mce-fragment=""1""> </span></a>FOR HOW TO PROPERLY CARE FOR YOUR JEWELLERY. </p>
<ul class=""ul1"" data-mce-fragment=""1"">
<li class=""li1"" data-mce-fragment=""1""><span class=""s1"" data-mce-fragment=""1"">High resistance, tarnish-free</span></li>
<li class=""li1"" data-mce-fragment=""1"">
<span class=""s1"" data-mce-fragment=""1""></span>Material: Stainless steel</li>
<li class=""li1"" data-mce-fragment=""1"">
<span class=""s1"" data-mce-fragment=""1""></span>18k Gold plated</li>
<li class=""li1"" data-mce-fragment=""1"">
<span class=""s1"" data-mce-fragment=""1""></span>Lead &amp; Nickel free</li>
<li class=""li1"" data-mce-fragment=""1"">
<span class=""s1"" data-mce-fragment=""1""></span>N.W: 8g</li>
</ul>",MUSES.,Earrings,"earrings, hoop earrings, new in",true,Title,Default Title,,,,,"",8.0,shopify,2,deny,manual,15.00,,true,true,"",https://cdn.shopify.com/s/files/1/0502/3016/5669/products/n15.png?v=1607893556,1,,false,,,,,,,,,,,,,,,,,g,,5.93,active
marcella-hoop-earrings,,,,,,,,,,,,,,,,,,,,,,,,https://cdn.shopify.com/s/files/1/0502/3016/5669/products/n6.jpg?v=1607893556,2,,,,,,,,,,,,,,,,,,,,,,
marcella-hoop-earrings,,,,,,,,,,,,,,,,,,,,,,,,https://cdn.shopify.com/s/files/1/0502/3016/5669/products/IMG_4880.jpg?v=1607893556,3,,,,,,,,,,,,,,,,,,,,,,
marcella-hoop-earrings,,,,,,,,,,,,,,,,,,,,,,,,https://cdn.shopify.com/s/files/1/0502/3016/5669/products/IMG_4885.jpg?v=1607893556,4,,,,,,,,,,,,,,,,,,,,,,
sophia-chain-link-ring,SOPHIA chain link ring,,MUSES.,"","",false,Title,Default Title,,,,,"",0.0,shopify,0,deny,manual,0.00,,true,true,,https://cdn.shopify.com/s/files/1/0502/3016/5669/products/image_2f4a27ac-4bef-467c-bd31-328a9cf27932.jpg?v=1607886941,1,,false,,,,,,,,,,,,,,,,,lb,,,draft
sophia-chain-link-ring,,,,,,,,,,,,,,,,,,,,,,,,https://cdn.shopify.com/s/files/1/0502/3016/5669/products/image_635a0939-8b60-4e08-ad72-ee4ec95098df.jpg?v=1607886941,2,,,,,,,,,,,,,,,,,,,,,,
sophia-chain-link-ring,,,,,,,,,,,,,,,,,,,,,,,,https://cdn.shopify.com/s/files/1/0502/3016/5669/products/image_c2df96c9-ce46-49c4-b24f-9dc8f71e040a.jpg?v=1607886941,3,,,,,,,,,,,,,,,,,,,,,,
amy-pu-crossbody-bag,AMY PU Crossbody bag,"<p class=""p1"" data-mce-fragment=""1""><b data-mce-fragment=""1"">Specifications:</b> (Width) 22cm <br></p>
<p class=""p1"" data-mce-fragment=""1"">                          (Height) 13cm <br data-mce-fragment=""1""></p>
<p class=""p1"" data-mce-fragment=""1""><b data-mce-fragment=""1"">Adjustable Crossbody strap:</b> 114cm </p>
<p class=""p1"" data-mce-fragment=""1""><b data-mce-fragment=""1"">Material:</b> PU Leather/ Polyester lining.</p>
<p class=""p1"" data-mce-fragment=""1""><b data-mce-fragment=""1"">Closure: Flap cover</b></p>",MUSES.,Bags,"bags, baguette bag, shoulder bag, vintage",true,Color,burgundy,,,,,"",332.0,shopify,2,deny,manual,22.00,,true,true,"",https://cdn.shopify.com/s/files/1/0502/3016/5669/products/0620F8B1-1311-45DC-8772-91BBEA65989B.jpg?v=1605640233,1,,false,,,,,,,,,,,,,,,,https://cdn.shopify.com/s/files/1/0502/3016/5669/products/0620F8B1-1311-45DC-8772-91BBEA65989B.jpg?v=1605640233,kg,,,active
amy-pu-crossbody-bag,,,,,,,,cream,,,,,"",332.0,shopify,1,deny,manual,22.00,,true,true,"",https://cdn.shopify.com/s/files/1/0502/3016/5669/products/1fe1b70b-eb80-41b1-9e5b-d22d24d78396.jpg?v=1605640233,2,,,,,,,,,,,,,,,,,,https://cdn.shopify.com/s/files/1/0502/3016/5669/products/1fe1b70b-eb80-41b1-9e5b-d22d24d78396.jpg?v=1605640233,kg,,,
amy-pu-crossbody-bag,,,,,,,,Black,,,,,"",332.0,shopify,1,deny,manual,22.00,,true,true,,https://cdn.shopify.com/s/files/1/0502/3016/5669/products/H8bc136e36ef2445583681b0f49a99721c.jpg?v=1605640233,3,,,,,,,,,,,,,,,,,,,kg,,,
amy-pu-crossbody-bag,,,,,,,,,,,,,,,,,,,,,,,,https://cdn.shopify.com/s/files/1/0502/3016/5669/products/5b97834a-c94d-4f00-a361-911a6c59dfa8.jpg?v=1605640233,4,,,,,,,,,,,,,,,,,,,,,,
zaenab-thick-twisted-cable-bracelet,ZAENAB Thick Twisted Cable Bracelet,"<meta charset=""utf-8"">
<p data-mce-fragment=""1"">5mm thick twisted cable bracelet.</p>
<p data-mce-fragment=""1"">MAKE SURE TO READ OUR<span data-mce-fragment=""1""> </span><a data-mce-fragment=""1"" href=""https://www.shopmuses.com/pages/jewellry-care"" target=""_blank"" data-mce-href=""https://www.shopmuses.com/pages/jewellry-care"">JEWEL CARE INSTRUCTIONS</a><span data-mce-fragment=""1""> </span>FOR HOW TO PROPERLY CARE FOR YOUR JEWELLERY. </p>
<ul data-mce-fragment=""1"">
<li data-mce-fragment=""1"">Material: Copper</li>
<li data-mce-fragment=""1"">Gold plated</li>
<li data-mce-fragment=""1"">Lead &amp; Nickel free</li>
<li data-mce-fragment=""1"">Weight: 11g</li>
<li data-mce-fragment=""1"">Length: 18cm</li>
</ul>",MUSES.,bangles/bracelets,"bangles, bangles/bracelets, bracelets",true,Title,Default Title,,,,,"",11.0,shopify,2,deny,manual,15.00,,true,true,"",https://cdn.shopify.com/s/files/1/0502/3016/5669/products/H7cff7f5f5b7344bca3a2b6648e38756ah.jpg?v=1605639506,1,,false,,,,,,,,,,,,,,,,,kg,,,active
zaenab-thick-twisted-cable-bracelet,,,,,,,,,,,,,,,,,,,,,,,,https://cdn.shopify.com/s/files/1/0502/3016/5669/products/IMG_4286_Facetune_14-11-2020-20-37-46.jpg?v=1605639506,2,,,,,,,,,,,,,,,,,,,,,,
zaenab-thick-twisted-cable-bracelet,,,,,,,,,,,,,,,,,,,,,,,,https://cdn.shopify.com/s/files/1/0502/3016/5669/products/Heb9ed15772b5472d97ae7ad06aa41e0dV.jpg?v=1605639524,3,,,,,,,,,,,,,,,,,,,,,,
sara-chunky-u-shaped-bracelet,SARA Chunky U-shaped Bracelet,"<meta charset=""utf-8"">
<p class=""p1"" data-mce-fragment=""1"">Sara bracelet makes the perfect companion for the <a href=""https://www.shopmuses.com/collections/necklaces/products/abbie-chainlink-necklace"" target=""_blank"" rel=""noopener noreferrer"">BOLA necklace </a></p>
<p class=""p1"" data-mce-fragment=""1"">MAKE SURE TO READ OUR<span data-mce-fragment=""1""> </span><a href=""https://www.shopmuses.com/pages/jewellry-care"" data-mce-fragment=""1"" data-mce-href=""https://www.shopmuses.com/pages/jewellry-care"" target=""_blank"">JEWEL CARE INSTRUCTIONS</a><span data-mce-fragment=""1""> </span>FOR HOW TO PROPERLY CARE FOR YOUR JEWELLERY. </p>
<ul class=""ul1"" data-mce-fragment=""1"">
<li class=""li1"" data-mce-fragment=""1"">
<span class=""s1"" data-mce-fragment=""1""></span>Material: Copper</li>
<li class=""li1"" data-mce-fragment=""1"">
<span class=""s1"" data-mce-fragment=""1""></span>Gold plated</li>
<li class=""li1"" data-mce-fragment=""1"">
<span class=""s1"" data-mce-fragment=""1""></span>Lead &amp; Nickel free</li>
<li class=""li1"" data-mce-fragment=""1"">
<span class=""s1"" data-mce-fragment=""1""></span>Weight: 13g</li>
<li class=""li1"" data-mce-fragment=""1"">Length: 18cm</li>
</ul>
<p data-mce-fragment=""1"">See here for<span data-mce-fragment=""1""> </span><a href=""https://www.shopmuses.com/pages/sizes"" data-mce-fragment=""1"" data-mce-href=""https://www.shopmuses.com/pages/sizes"" target=""_blank"">Ring Size Guide</a></p>",MUSES.,bangles/bracelets,"bangles, bangles/bracelets, bracelets",false,Title,Default Title,,,,,"",13.0,shopify,0,deny,manual,12.00,,true,true,"",https://cdn.shopify.com/s/files/1/0502/3016/5669/products/IMG_3982.jpg?v=1605639090,1,,false,,,,,,,,,,,,,,,,,kg,,,archived
sara-chunky-u-shaped-bracelet,,,,,,,,,,,,,,,,,,,,,,,,https://cdn.shopify.com/s/files/1/0502/3016/5669/products/IMG_3928.jpg?v=1605639090,2,,,,,,,,,,,,,,,,,,,,,,
sara-chunky-u-shaped-bracelet,,,,,,,,,,,,,,,,,,,,,,,,https://cdn.shopify.com/s/files/1/0502/3016/5669/products/IMG_3980.jpg?v=1605639090,3,,,,,,,,,,,,,,,,,,,,,,
sara-chunky-u-shaped-bracelet,,,,,,,,,,,,,,,,,,,,,,,,https://cdn.shopify.com/s/files/1/0502/3016/5669/products/IMG_3680.jpg?v=1605639091,4,,,,,,,,,,,,,,,,,,,,,,
ivy-white-marble-signet-ring,IVY White Marble Signet Ring,"<meta charset=""utf-8"">
<p class=""p1"" data-mce-fragment=""1"">Ivy is the must-have signet ring. Her size is perfect and the white marble effect graces her perfectly.</p>
<p class=""p1"" data-mce-fragment=""1"">MAKE SURE TO READ OUR<span data-mce-fragment=""1""> </span><a href=""https://www.shopmuses.com/pages/jewellry-care"" data-mce-fragment=""1"" data-mce-href=""https://www.shopmuses.com/pages/jewellry-care"" target=""_blank"">JEWEL CARE INSTRUCTIONS</a><span data-mce-fragment=""1""> </span>FOR HOW TO PROPERLY CARE FOR YOUR JEWELLERY. </p>
<ul class=""ul1"" data-mce-fragment=""1"">
<li class=""li1"" data-mce-fragment=""1"">
<span class=""s1"" data-mce-fragment=""1""></span>Material: Brass</li>
<li class=""li1"" data-mce-fragment=""1"">
<span class=""s1"" data-mce-fragment=""1""></span>18k Gold plated</li>
<li class=""li1"" data-mce-fragment=""1"">
<span class=""s1"" data-mce-fragment=""1""></span>Lead &amp; Nickel free</li>
<li class=""li1"" data-mce-fragment=""1"">
<span class=""s1"" data-mce-fragment=""1""></span>Weight: 10g</li>
<li class=""li1"" data-mce-fragment=""1"">Size: 7</li>
</ul>
<p>See here for <a href=""https://www.shopmuses.com/pages/sizes"" target=""_blank"" rel=""noopener noreferrer"">Ring Size Guide</a></p>",MUSES.,Rings,"gold ring, ring, signet ring",true,Title,Default Title,,,,,"",10.0,shopify,2,deny,manual,20.00,,true,true,"",https://cdn.shopify.com/s/files/1/0502/3016/5669/products/image_a98055af-470f-48a7-aa68-6d35f2ecea8e.jpg?v=1606237065,1,,false,,,,,,,,,,,,,,,,,kg,,,active
ivy-white-marble-signet-ring,,,,,,,,,,,,,,,,,,,,,,,,https://cdn.shopify.com/s/files/1/0502/3016/5669/products/IMG_4265_Facetune_14-11-2020-21-06-14.jpg?v=1606237065,2,,,,,,,,,,,,,,,,,,,,,,
ivy-white-marble-signet-ring,,,,,,,,,,,,,,,,,,,,,,,,https://cdn.shopify.com/s/files/1/0502/3016/5669/products/IMG_4254_Facetune_14-11-2020-21-10-15.jpg?v=1606237065,3,,,,,,,,,,,,,,,,,,,,,,
ivy-white-marble-signet-ring,,,,,,,,,,,,,,,,,,,,,,,,https://cdn.shopify.com/s/files/1/0502/3016/5669/products/IMG_39682.jpg?v=1606237065,4,,,,,,,,,,,,,,,,,,,,,,
celia-irregular-circle-gold-ring,CELIA Irregular Circle Gold Ring,"<p class=""p1"" data-mce-fragment=""1"">MAKE SURE TO READ OUR <a href=""https://www.shopmuses.com/pages/jewellry-care"" target=""_blank"">JEWEL CARE INSTRUCTIONS</a> FOR HOW TO PROPERLY CARE FOR YOUR JEWELLERY. </p>
<ul class=""ul1"" data-mce-fragment=""1"">
<li class=""li1"" data-mce-fragment=""1"">
<span class=""s1"" data-mce-fragment=""1""></span>Material: Brass</li>
<li class=""li1"" data-mce-fragment=""1"">
<span class=""s1"" data-mce-fragment=""1""></span>18k Gold plated</li>
<li class=""li1"" data-mce-fragment=""1"">
<span class=""s1"" data-mce-fragment=""1""></span>Lead &amp; Nickel free</li>
<li class=""li1"" data-mce-fragment=""1"">
<span class=""s1"" data-mce-fragment=""1""></span>Weight: 4g</li>
</ul>",MUSES.,Rings,"gold ring, ring, signet ring",true,Title,Default Title,,,,,"",4.0,shopify,2,deny,manual,12.00,,true,true,"",https://cdn.shopify.com/s/files/1/0502/3016/5669/products/IMG_4320_Facetune_14-11-2020-20-29-49.jpg?v=1605637950,1,,false,,,,,,,,,,,,,,,,,kg,,,active
celia-irregular-circle-gold-ring,,,,,,,,,,,,,,,,,,,,,,,,https://cdn.shopify.com/s/files/1/0502/3016/5669/products/H3c90d778b96b455c8abc55626efb0973V.jpg?v=1605637950,2,,,,,,,,,,,,,,,,,,,,,,
celia-irregular-circle-gold-ring,,,,,,,,,,,,,,,,,,,,,,,,https://cdn.shopify.com/s/files/1/0502/3016/5669/products/IMG_4318_Facetune_14-11-2020-20-31-11_3903f583-751a-41d8-a6a7-9f6484044a3f.jpg?v=1605637950,3,,,,,,,,,,,,,,,,,,,,,,
celia-irregular-circle-gold-ring,,,,,,,,,,,,,,,,,,,,,,,,https://cdn.shopify.com/s/files/1/0502/3016/5669/products/Hd968645069bf4de1813cb052108e9e62U.jpg?v=1605637950,4,,,,,,,,,,,,,,,,,,,,,,
roxy-chunky-stack-ring,ROXY Chunky Stack ring,"<p class=""p1"" data-mce-fragment=""1"">MAKE SURE TO READ OUR <a href=""https://www.shopmuses.com/pages/jewellry-care"" target=""_blank"" rel=""noopener noreferrer"">JEWEL CARE INSTRUCTIONS</a> FOR HOW TO PROPERLY CARE FOR YOUR JEWELLERY. </p>
<ul class=""ul1"" data-mce-fragment=""1"">
<li class=""li1"" data-mce-fragment=""1"">
<span class=""s1"" data-mce-fragment=""1""></span>Material: Zinc Alloy</li>
<li class=""li1"" data-mce-fragment=""1"">
<span class=""s1"" data-mce-fragment=""1""></span>Gold plated</li>
<li class=""li1"" data-mce-fragment=""1"">
<span class=""s1"" data-mce-fragment=""1""></span>Lead &amp; Nickel free</li>
<li class=""li1"" data-mce-fragment=""1"">
<span class=""s1"" data-mce-fragment=""1""></span>Weight: 9g</li>
</ul>",MUSES.,Rings,"gold ring, ring, signet ring",true,Title,Default Title,,,,,"",9.0,shopify,1,deny,manual,15.00,,true,true,"",https://cdn.shopify.com/s/files/1/0502/3016/5669/products/IMG_3959.jpg?v=1605637211,1,,false,,,,,,,,,,,,,,,,,kg,,,active
roxy-chunky-stack-ring,,,,,,,,,,,,,,,,,,,,,,,,https://cdn.shopify.com/s/files/1/0502/3016/5669/products/IMG_3956.jpg?v=1605637211,2,,,,,,,,,,,,,,,,,,,,,,
roxy-chunky-stack-ring,,,,,,,,,,,,,,,,,,,,,,,,https://cdn.shopify.com/s/files/1/0502/3016/5669/products/IMG_3957.jpg?v=1605637212,3,,,,,,,,,,,,,,,,,,,,,,
wura-square-pearl-earrings,WURA Square Pearl Earrings,"<p>Wura is a Yoruba word for 'gold'. This gorgeous pair will add the perfect touch to your outfit.</p>
<p class=""p1"">MAKE SURE TO READ OUR J<a href=""https://www.shopmuses.com/pages/jewellry-care"" target=""_blank"">EWEL CARE INSTRUCTIONS</a> FOR HOW TO PROPERLY CARE FOR YOUR JEWELLERY. </p>
<ul class=""ul1"">
<li class=""li1"">
<span class=""s1""></span>Material: Body- Copper.  Imitation Pearl.</li>
<li class=""li1"">
<span class=""s1""></span>Gold plated</li>
<li class=""li1"">
<span class=""s1""></span>Lead &amp; Nickel free</li>
<li class=""li1"">
<span class=""s1""></span>Weight: 9g</li>
</ul>",MUSES.,Earrings,earrings,true,Title,Default Title,,,,,"",9.0,shopify,1,deny,manual,10.00,,true,true,"",https://cdn.shopify.com/s/files/1/0502/3016/5669/products/He8de6c3e62664dc1bda9a5c7d8a2e18ad.jpg?v=1605629980,1,,false,,,,,,,,,,,,,,,,,kg,,,active
wura-square-pearl-earrings,,,,,,,,,,,,,,,,,,,,,,,,https://cdn.shopify.com/s/files/1/0502/3016/5669/products/IMG_3977.jpg?v=1605629980,2,,,,,,,,,,,,,,,,,,,,,,
wura-square-pearl-earrings,,,,,,,,,,,,,,,,,,,,,,,,https://cdn.shopify.com/s/files/1/0502/3016/5669/products/IMG_4171_Facetune_14-11-2020-21-13-58.jpg?v=1605629980,3,,,,,,,,,,,,,,,,,,,,,,
lizzie-chain-link-minimalist-choker-necklace,LIZZIE Chain Link Minimalist Choker necklace,"<p class=""p1"" data-mce-fragment=""1"">MAKE SURE TO READ OUR <a href=""https://www.shopmuses.com/pages/jewellry-care"" target=""_blank"" rel=""noopener noreferrer"">JEWEL CARE INSTRUCTIONS</a> FOR HOW TO PROPERLY CARE FOR YOUR JEWELLERY. </p>
<ul class=""ul1"" data-mce-fragment=""1"">
<li class=""li1"" data-mce-fragment=""1"">
<span class=""s1"" data-mce-fragment=""1""></span>Material: Zinc Alloy</li>
<li class=""li1"" data-mce-fragment=""1"">
<span class=""s1"" data-mce-fragment=""1""></span>18k Gold plated</li>
<li class=""li1"" data-mce-fragment=""1"">
<span class=""s1"" data-mce-fragment=""1""></span>Lead &amp; Nickel free</li>
<li class=""li1"" data-mce-fragment=""1"">
<span class=""s1"" data-mce-fragment=""1""></span>Weight: 3g</li>
</ul>",MUSES.,Necklace,"jewellery, necklace, necklaces",true,Length,Length,Size,30cm,,,"",3.0,shopify,2,deny,manual,15.00,,true,true,"",https://cdn.shopify.com/s/files/1/0502/3016/5669/products/H8e4b0e1e483a4cf49641897ad5f2b4e9v.jpg?v=1605639192,1,,false,,,,,,,,,,,,,,,,,kg,,,active
lizzie-chain-link-minimalist-choker-necklace,,,,,,,,Length,,40cm,,,"",3.0,shopify,1,deny,manual,15.00,,true,true,"",https://cdn.shopify.com/s/files/1/0502/3016/5669/products/IMG_4031.jpg?v=1605639192,2,,,,,,,,,,,,,,,,,,,kg,,,
lizzie-chain-link-minimalist-choker-necklace,,,,,,,,,,,,,,,,,,,,,,,,https://cdn.shopify.com/s/files/1/0502/3016/5669/products/IMG_3936.jpg?v=1605639192,3,,,,,,,,,,,,,,,,,,,,,,
lizzie-chain-link-minimalist-choker-necklace,,,,,,,,,,,,,,,,,,,,,,,,https://cdn.shopify.com/s/files/1/0502/3016/5669/products/IMG_4032.jpg?v=1605639192,4,,,,,,,,,,,,,,,,,,,,,,
nova-earrings,NOVA Rhinestone Safety Pin Earrings,"<meta charset=""utf-8"">
<p data-mce-fragment=""1"">Trendy punk safety pin style rhinestone earrings.</p>
<p data-mce-fragment=""1"">MAKE SURE TO READ OUR <a href=""https://www.shopmuses.com/pages/jewellry-care"" target=""_blank"" rel=""noopener noreferrer"">JEWEL CARE INSTRUCTIONS</a> FOR HOW TO PROPERLY CARE FOR YOUR JEWELLERY. </p>
<ul data-mce-fragment=""1"">
<li data-mce-fragment=""1"">Material: Zinc Alloy</li>
<li data-mce-fragment=""1"">Gold plated</li>
<li data-mce-fragment=""1"">Lead &amp; Nickel free</li>
<li data-mce-fragment=""1"">Weight: 5g/pair</li>
</ul>",MUSES.,Earrings,earrings,true,Color,Gold,,,,,"",5.0,shopify,2,deny,manual,15.00,,true,true,"",https://cdn.shopify.com/s/files/1/0502/3016/5669/products/image_622b5592-b991-4e8a-b9b5-f7a57979fefd.jpg?v=1605634841,1,,false,,,,,,,,,,,,,,,,https://cdn.shopify.com/s/files/1/0502/3016/5669/products/IMG_3931.jpg?v=1605634841,kg,,,active
nova-earrings,,,,,,,,Silver,,,,,"",5.0,shopify,1,deny,manual,15.00,,true,true,"",https://cdn.shopify.com/s/files/1/0502/3016/5669/products/IMG_4068.jpg?v=1605634841,2,,,,,,,,,,,,,,,,,,https://cdn.shopify.com/s/files/1/0502/3016/5669/products/IMG_3951.jpg?v=1605634841,kg,,,
nova-earrings,,,,,,,,,,,,,,,,,,,,,,,,https://cdn.shopify.com/s/files/1/0502/3016/5669/products/IMG_3951.jpg?v=1605634841,3,,,,,,,,,,,,,,,,,,,,,,
nova-earrings,,,,,,,,,,,,,,,,,,,,,,,,https://cdn.shopify.com/s/files/1/0502/3016/5669/products/IMG_3931.jpg?v=1605634841,4,,,,,,,,,,,,,,,,,,,,,,
temi-cross-body-box-bag,LARA cross body bag,"<p class=""p1"" data-mce-fragment=""1""><b data-mce-fragment=""1"">Specifications:</b> (Width) 19 cm <br></p>
<p class=""p1"" data-mce-fragment=""1"">                          (Height) 13 cm <br data-mce-fragment=""1""></p>
<p class=""p1"" data-mce-fragment=""1""> </p>
<p class=""p1"" data-mce-fragment=""1""><b data-mce-fragment=""1"">Material:</b> PU Leather/ Polyester lining.</p>
<p class=""p1"" data-mce-fragment=""1""><b data-mce-fragment=""1"">Closure:</b> Closure flap with flip clip</p>",MUSES.,Bags,bags,true,Color,Cream,,,,,"",320.0,shopify,0,deny,manual,20.00,,true,true,"",https://cdn.shopify.com/s/files/1/0502/3016/5669/products/IMG_6522_Facetune_09-12-2020-02-39-27.jpg?v=1607918341,1,,false,,,,,,,,,,,,,,,,https://cdn.shopify.com/s/files/1/0502/3016/5669/products/D0E1F674-D15E-4C54-AE6A-52F353F69CAD.jpg?v=1607918341,kg,,,active
temi-cross-body-box-bag,,,,,,,,Black,,,,,"",322.0,shopify,1,deny,manual,20.00,,true,true,"",https://cdn.shopify.com/s/files/1/0502/3016/5669/products/IMG_4725.jpg?v=1607918341,2,,,,,,,,,,,,,,,,,,https://cdn.shopify.com/s/files/1/0502/3016/5669/products/IMG_3840.jpg?v=1607918341,kg,,,
temi-cross-body-box-bag,,,,,,,,,,,,,,,,,,,,,,,,https://cdn.shopify.com/s/files/1/0502/3016/5669/products/D0E1F674-D15E-4C54-AE6A-52F353F69CAD.jpg?v=1607918341,3,,,,,,,,,,,,,,,,,,,,,,
temi-cross-body-box-bag,,,,,,,,,,,,,,,,,,,,,,,,https://cdn.shopify.com/s/files/1/0502/3016/5669/products/IMG_1309.jpg?v=1607918341,4,,,,,,,,,,,,,,,,,,,,,,
temi-cross-body-box-bag,,,,,,,,,,,,,,,,,,,,,,,,https://cdn.shopify.com/s/files/1/0502/3016/5669/products/IMG_3840.jpg?v=1607918341,5,,,,,,,,,,,,,,,,,,,,,,
zuri-earrings,ZURI Linked Chain Dropping Earrings,"<p class=""p1"" data-mce-fragment=""1""><meta charset=""utf-8"">Gorgeous Linked Chain Dropping Earrings.</p>
<p class=""p1"" data-mce-fragment=""1"">MAKE SURE TO READ OUR <a href=""https://www.shopmuses.com/pages/jewellry-care"">JEWEL CARE INSTRUCTIONS </a>FOR HOW TO PROPERLY CARE FOR YOUR JEWELLERY. </p>
<ul class=""ul1"" data-mce-fragment=""1"">
<li class=""li1"" data-mce-fragment=""1"">
<span class=""s1"" data-mce-fragment=""1""></span>Material: Brass</li>
<li class=""li1"" data-mce-fragment=""1"">
<span class=""s1"" data-mce-fragment=""1""></span>18k Gold plated</li>
<li class=""li1"" data-mce-fragment=""1"">
<span class=""s1"" data-mce-fragment=""1""></span>Lead &amp; Nickel free</li>
<li class=""li1"" data-mce-fragment=""1"">
<span class=""s1"" data-mce-fragment=""1""></span>Weight: 22g</li>
<li class=""li1"" data-mce-fragment=""1"">
<meta charset=""utf-8"">
<span>84mm length</span>
</li>
</ul>",MUSES.,Earrings,earrings,true,Title,Default Title,,,,,"",22.0,shopify,0,deny,manual,18.00,,true,true,"",https://cdn.shopify.com/s/files/1/0502/3016/5669/products/IMG_3513_Facetune_17-11-2020-14-32-57.jpg?v=1605636763,1,,false,,,,,,,,,,,,,,,,,kg,,,active
zuri-earrings,,,,,,,,,,,,,,,,,,,,,,,,https://cdn.shopify.com/s/files/1/0502/3016/5669/products/IMG_4040.jpg?v=1605636763,2,,,,,,,,,,,,,,,,,,,,,,
zuri-earrings,,,,,,,,,,,,,,,,,,,,,,,,https://cdn.shopify.com/s/files/1/0502/3016/5669/products/H20090409623f4b33b42d4e036a96df9fM.jpg?v=1605636763,3,,,,,,,,,,,,,,,,,,,,,,
croissants-slim-rings,VIOLA Slim Croissant Stackable ring.,"<p class=""p1"">Add a bit of French vibe to your look with Viola rings. They can also be stacked for extra fullness.</p>
<p class=""p1"">MAKE SURE TO READ OUR <a href=""https://www.shopmuses.com/pages/jewellry-care"">JEWEL CARE INSTRUCTIONS</a> FOR HOW TO PROPERLY CARE FOR YOUR JEWELLERY. </p>
<ul class=""ul1"">
<li class=""li1"">
<span class=""s1""></span>Material: Copper</li>
<li class=""li1"">
<span class=""s1""></span>18k Gold plated</li>
<li class=""li1"">
<span class=""s1""></span>Shape: Croissant</li>
<li class=""li1"">
<span class=""s1""></span>Lead &amp; Nickel free</li>
<li class=""li1"">
<span class=""s1""></span>Weight: 4g</li>
</ul>
<meta charset=""UTF-8"">
<p><span>See here for </span><a href=""https://www.shopmuses.com/pages/sizes"" target=""_blank"" rel=""noopener noreferrer"">Ring Size Guide</a></p>",MUSES.,Rings,"gold ring, ring",true,Size,7,,,,,"",4.0,shopify,3,deny,manual,10.00,,true,false,"",https://cdn.shopify.com/s/files/1/0502/3016/5669/products/IMG_3895.jpg?v=1605636177,1,,false,,,,,,,,,,,,,,,,,kg,,,active
croissants-slim-rings,,,,,,,,8,,,,,"",4.0,shopify,3,deny,manual,10.00,,true,false,"",https://cdn.shopify.com/s/files/1/0502/3016/5669/products/image_b00b8541-27d3-4efe-9951-39f642fd1a7d.jpg?v=1605636177,2,,,,,,,,,,,,,,,,,,,kg,,,
croissants-slim-rings,,,,,,,,,,,,,,,,,,,,,,,,https://cdn.shopify.com/s/files/1/0502/3016/5669/products/image_3cdf55c4-43f2-4a89-8bf1-7b15c4ebf1b3.jpg?v=1605636177,3,,,,,,,,,,,,,,,,,,,,,,
croissants-slim-rings,,,,,,,,,,,,,,,,,,,,,,,,https://cdn.shopify.com/s/files/1/0502/3016/5669/products/IMG_3443.jpg?v=1605636177,4,,,,,,,,,,,,,,,,,,,,,,
bella-links-earrings,BELLA Thick Link U-Shape Geometric Earrings,"<p class=""p1"" data-mce-fragment=""1""><meta charset=""utf-8""><span data-mce-fragment=""1"">Thick Link U Shape Geometric Dropping Earrings.</span></p>
<p class=""p1"" data-mce-fragment=""1"">MAKE SURE TO READ OUR <a href=""https://www.shopmuses.com/pages/jewellry-care"">JEWEL CARE INSTRUCTIONS</a> FOR HOW TO PROPERLY CARE FOR YOUR JEWELLERY. </p>
<ul class=""ul1"" data-mce-fragment=""1"">
<li class=""li1"" data-mce-fragment=""1"">
<span class=""s1"" data-mce-fragment=""1""></span>Material: Brass</li>
<li class=""li1"" data-mce-fragment=""1"">
<span class=""s1"" data-mce-fragment=""1""></span>Gold plated</li>
<li class=""li1"" data-mce-fragment=""1"">
<span class=""s1"" data-mce-fragment=""1""></span>Lead &amp; Nickel free</li>
<li class=""li1"" data-mce-fragment=""1"">
<span class=""s1"" data-mce-fragment=""1""></span>Weight: 0.016kg</li>
</ul>",MUSES.,Earrings,earrings,true,Color,Silver,,,,,"",16.0,shopify,1,deny,manual,15.00,,true,false,"",https://cdn.shopify.com/s/files/1/0502/3016/5669/products/IMG_3384.jpg?v=1607918780,1,,false,,,,,,,,,,,,,,,,https://cdn.shopify.com/s/files/1/0502/3016/5669/products/IMG_3942.jpg?v=1607918780,kg,,,active
bella-links-earrings,,,,,,,,Gold,,,,,"",16.0,shopify,3,deny,manual,15.00,,true,false,"",https://cdn.shopify.com/s/files/1/0502/3016/5669/products/IMG_3941.jpg?v=1607918780,2,,,,,,,,,,,,,,,,,,https://cdn.shopify.com/s/files/1/0502/3016/5669/products/image_c6bd4ea7-fe30-45d8-a459-f21e41ceda71.jpg?v=1607918780,kg,,,
bella-links-earrings,,,,,,,,,,,,,,,,,,,,,,,,https://cdn.shopify.com/s/files/1/0502/3016/5669/products/IMG_3391.jpg?v=1607918780,3,,,,,,,,,,,,,,,,,,,,,,
bella-links-earrings,,,,,,,,,,,,,,,,,,,,,,,,https://cdn.shopify.com/s/files/1/0502/3016/5669/products/IMG_3942.jpg?v=1607918780,4,,,,,,,,,,,,,,,,,,,,,,
bella-links-earrings,,,,,,,,,,,,,,,,,,,,,,,,https://cdn.shopify.com/s/files/1/0502/3016/5669/products/image_c6bd4ea7-fe30-45d8-a459-f21e41ceda71.jpg?v=1607918780,5,,,,,,,,,,,,,,,,,,,,,,
hazel-gem-stone-ring,EMERALD Gem stone ring,"<p class=""p1"">Very cool and trendy emerald gemstone chain link statement ring.</p>
<p class=""p1"">MAKE SURE TO READ OUR <a href=""https://www.shopmuses.com/pages/jewellry-care"" target=""_blank"" rel=""noopener noreferrer"">JEWEL CARE INSTRUCTIONS</a> FOR HOW TO PROPERLY CARE FOR YOUR JEWELLERY. </p>
<ul class=""ul1"">
<li class=""li1"">
<span class=""s1""></span>Material: Zinc Alloy</li>
<li class=""li1"">
<span class=""s1""></span>Gold plated</li>
<li class=""li1"">
<span class=""s1""></span>Lead &amp; Nickel free</li>
<li class=""li1"">
<span class=""s1""></span>Weight: 13g</li>
<li class=""li1"">Size: 7</li>
</ul>
<meta charset=""UTF-8"">
<p><span>See here for </span><a href=""https://www.shopmuses.com/pages/sizes"" target=""_blank"" rel=""noopener noreferrer"">Ring Size Guide</a></p>",MUSES.,Rings,"pearl ring, ring, signet ring",true,Size,7,,,,,"",13.0,shopify,1,deny,manual,18.00,,true,false,"",https://cdn.shopify.com/s/files/1/0502/3016/5669/products/IMG_4241_Facetune_14-11-2020-21-12-31.jpg?v=1605493995,1,,false,,,,,,,,,,,,,,,,,kg,,,active
hazel-gem-stone-ring,,,,,,,,,,,,,,,,,,,,,,,,https://cdn.shopify.com/s/files/1/0502/3016/5669/products/IMG_3647.jpg?v=1605493995,2,,,,,,,,,,,,,,,,,,,,,,
hazel-gem-stone-ring,,,,,,,,,,,,,,,,,,,,,,,,https://cdn.shopify.com/s/files/1/0502/3016/5669/products/IMG_4298_Facetune_14-11-2020-20-34-142.jpg?v=1605493995,3,,,,,,,,,,,,,,,,,,,,,,
abbie-chainlink-necklace,BOLA Chunky U-shaped Chain Necklace,"<p>Beautiful chunky thick U-shaped necklace perfect for any occasion. MAKE SURE TO READ OUR <a href=""https://www.shopmuses.com/pages/jewellry-care"" target=""_blank"">JEWEL CARE INSTRUCTIONS</a> FOR HOW TO PROPERLY CARE FOR YOUR JEWELLERY. </p>
<ul>
<li>Material: Copper</li>
<li>Gold plated</li>
<li>Lead &amp; Nickel free</li>
<li>Weight: 28g</li>
</ul>",MUSES.,Necklace,"jewellery, necklace, necklaces",true,Title,Default Title,,,,,"",29.0,shopify,2,deny,manual,18.00,,true,true,"",https://cdn.shopify.com/s/files/1/0502/3016/5669/products/image_d173ebfd-a136-4c64-93b9-159d0cb645d8.jpg?v=1605491084,1,,false,,,,,,,,,,,,,,,,,kg,,,active
abbie-chainlink-necklace,,,,,,,,,,,,,,,,,,,,,,,,https://cdn.shopify.com/s/files/1/0502/3016/5669/products/IMG_3680copy.jpg?v=1605491084,2,,,,,,,,,,,,,,,,,,,,,,
abbie-chainlink-necklace,,,,,,,,,,,,,,,,,,,,,,,,https://cdn.shopify.com/s/files/1/0502/3016/5669/products/image_62f532a9-2fe8-4d6a-a6b1-edabe2b5c49f.jpg?v=1605630551,3,,,,,,,,,,,,,,,,,,,,,,
abbie-chainlink-necklace,,,,,,,,,,,,,,,,,,,,,,,,https://cdn.shopify.com/s/files/1/0502/3016/5669/products/image_4a0094e6-d1b7-4d91-b9d5-6fcb00e5beba.jpg?v=1605630551,4,,,,,,,,,,,,,,,,,,,,,,
pinup-bangles,PINUP Gold Safety-pin Shape Bangles,"<p class=""p1"" data-mce-fragment=""1"">Trendy and minimalistic safety pin bangle for every occasion.</p>
<p class=""p1"" data-mce-fragment=""1"">MAKE SURE TO READ OUR <a href=""https://www.shopmuses.com/pages/jewellry-care"" target=""_blank"" rel=""noopener noreferrer"">JEWEL CARE INSTRUCTIONS</a> FOR HOW TO PROPERLY CARE FOR YOUR JEWELLERY. </p>
<ul class=""ul1"" data-mce-fragment=""1"">
<li class=""li1"" data-mce-fragment=""1"">
<span class=""s1"" data-mce-fragment=""1""></span>Material: Titanium</li>
<li class=""li1"" data-mce-fragment=""1"">
<span class=""s1"" data-mce-fragment=""1""></span>18k Gold plated</li>
<li class=""li1"" data-mce-fragment=""1"">
<span class=""s1"" data-mce-fragment=""1""></span>Lead &amp; Nickel free</li>
<li class=""li1"" data-mce-fragment=""1"">
<span class=""s1"" data-mce-fragment=""1""></span>Weight: 6g</li>
</ul>",MUSES.,bangles/bracelets,"bangles, bangles/bracelets, bracelets",true,Title,Default Title,,,,,"",6.0,shopify,0,deny,manual,22.00,,true,true,"",https://cdn.shopify.com/s/files/1/0502/3016/5669/products/IMG_3976.jpg?v=1605635472,1,,false,,,,,,,,,,,,,,,,,kg,,,active
pinup-bangles,,,,,,,,,,,,,,,,,,,,,,,,https://cdn.shopify.com/s/files/1/0502/3016/5669/products/IMG_3971.jpg?v=1605635472,2,,,,,,,,,,,,,,,,,,,,,,
pinup-bangles,,,,,,,,,,,,,,,,,,,,,,,,https://cdn.shopify.com/s/files/1/0502/3016/5669/products/image_74523445-1f5b-44a5-8c22-4ceb456853f6.jpg?v=1605635472,3,,,,,,,,,,,,,,,,,,,,,,
pinup-bangles,,,,,,,,,,,,,,,,,,,,,,,,https://cdn.shopify.com/s/files/1/0502/3016/5669/products/IMG_3974.jpg?v=1605635472,4,,,,,,,,,,,,,,,,,,,,,,
lassies-chain-link-bangle,LASSIE Curb Link Big Circle Adjustable Bangle,"<p class=""p1"" data-mce-fragment=""1"">Trendy and minimalist big circle adjustable bangles.</p>
<p class=""p1"" data-mce-fragment=""1"">MAKE SURE TO READ OUR <a href=""https://www.shopmuses.com/pages/jewellry-care"" target=""_blank"" rel=""noopener noreferrer"">JEWEL CARE INSTRUCTIONS</a> FOR HOW TO PROPERLY CARE FOR YOUR JEWELLERY. </p>
<ul class=""ul1"" data-mce-fragment=""1"">
<li class=""li1"" data-mce-fragment=""1"">
<span class=""s1"" data-mce-fragment=""1""></span>Material: Copper</li>
<li class=""li1"" data-mce-fragment=""1"">
<span class=""s1"" data-mce-fragment=""1""></span>18k Gold plated</li>
<li class=""li1"" data-mce-fragment=""1"">
<span class=""s1"" data-mce-fragment=""1""></span>Size: Adjustable</li>
<li class=""li1"" data-mce-fragment=""1"">
<span class=""s1"" data-mce-fragment=""1""></span>Lead &amp; Nickel free</li>
<li class=""li1"" data-mce-fragment=""1"">
<span class=""s1"" data-mce-fragment=""1""></span>Weight: 20g</li>
</ul>",MUSES.,bangles/bracelets,"bangles, bangles/bracelets, bracelets",true,Title,Default Title,,,,,"",20.0,shopify,1,deny,manual,10.50,15.00,true,true,"",https://cdn.shopify.com/s/files/1/0502/3016/5669/products/image_ffca16d5-cee9-48ac-b027-09d101651963.jpg?v=1605638044,1,,false,,,,,,,,,,,,,,,,,kg,,,active
lassies-chain-link-bangle,,,,,,,,,,,,,,,,,,,,,,,,https://cdn.shopify.com/s/files/1/0502/3016/5669/products/IMG_4160.jpg?v=1605638044,2,,,,,,,,,,,,,,,,,,,,,,
lassies-chain-link-bangle,,,,,,,,,,,,,,,,,,,,,,,,https://cdn.shopify.com/s/files/1/0502/3016/5669/products/image_34886fc9-acc8-4e94-93e6-c09338fa947e.jpg?v=1605638044,3,,,,,,,,,,,,,,,,,,,,,,
lassies-chain-link-bangle,,,,,,,,,,,,,,,,,,,,,,,,https://cdn.shopify.com/s/files/1/0502/3016/5669/products/IMG_4318_Facetune_14-11-2020-20-31-11.jpg?v=1605638044,4,,,,,,,,,,,,,,,,,,,,,,
wendy-chain-link-hoop-earrings,WENDY Flat Plaited Chain Hoop Earrings,"<p class=""p1"" data-mce-fragment=""1"">MAKE SURE TO READ OUR <a href=""https://www.shopmuses.com/pages/jewellry-care"" target=""_blank"">JEWEL CARE INSTRUCTIONS</a> FOR HOW TO PROPERLY CARE FOR YOUR JEWELLERY. </p>
<ul class=""ul1"" data-mce-fragment=""1"">
<li class=""li1"" data-mce-fragment=""1"">
<span class=""s1"" data-mce-fragment=""1""></span>Material: Brass</li>
<li class=""li1"" data-mce-fragment=""1"">
<span class=""s1"" data-mce-fragment=""1""></span>18k Gold plated</li>
<li class=""li1"" data-mce-fragment=""1"">
<span class=""s1"" data-mce-fragment=""1""></span>Lead &amp; Nickel free</li>
<li class=""li1"" data-mce-fragment=""1"">
<span class=""s1"" data-mce-fragment=""1""></span>Weight: 8g</li>
</ul>",MUSES.,Earrings,"earrings, hoop earrings",true,Title,Default Title,,,,,"",8.0,shopify,3,deny,manual,15.00,,true,true,"",https://cdn.shopify.com/s/files/1/0502/3016/5669/products/Hf89c814286cb47cc8197e79378faa307F.jpg?v=1605636482,1,,false,,,,,,,,,,,,,,,,,kg,,,active
wendy-chain-link-hoop-earrings,,,,,,,,,,,,,,,,,,,,,,,,https://cdn.shopify.com/s/files/1/0502/3016/5669/products/image_e9ea60dd-12c6-4b84-a304-4b6d433f884b.jpg?v=1605636482,2,,,,,,,,,,,,,,,,,,,,,,
wendy-chain-link-hoop-earrings,,,,,,,,,,,,,,,,,,,,,,,,https://cdn.shopify.com/s/files/1/0502/3016/5669/products/IMG_3945.jpg?v=1605636482,3,,,,,,,,,,,,,,,,,,,,,,
wendy-chain-link-hoop-earrings,,,,,,,,,,,,,,,,,,,,,,,,https://cdn.shopify.com/s/files/1/0502/3016/5669/products/IMG_3947.jpg?v=1605636482,4,,,,,,,,,,,,,,,,,,,,,,
lillie-croc-hand-bag,LILLIE Croc Pattern PU Leather Bag,"<p>The Lillie bag can be worn in two different ways due to its dual-handle system. You can choose to wear it as a shoulder or crossbody bag.</p>
<p><strong>Specifications:</strong> (Width) 27cm </p>
<p>                          (Height) 16cm <br></p>
<p><strong>Adjustable Crossbody strap:</strong> 91cm </p>
<p><strong>Shoulder strap:</strong> 44cm</p>
<p><strong>Material:</strong> PU Leather/ Polyester lining.</p>
<p><strong>Closure:</strong> Zipper</p>",MUSES.,Bags,"bags, baguette bag, shoulder bag, vintage",true,Color,Black,,,,,"",380.0,shopify,1,deny,manual,22.00,,true,true,"",https://cdn.shopify.com/s/files/1/0502/3016/5669/products/whictecroc.png?v=1607918623,1,,false,,,,,,,,,,,,,,,,,kg,,,active
lillie-croc-hand-bag,,,,,,,,Cream,,,,,"",380.0,shopify,1,deny,manual,22.00,,true,true,"",https://cdn.shopify.com/s/files/1/0502/3016/5669/products/IMG_4735.jpg?v=1607918623,2,,,,,,,,,,,,,,,,,,,kg,,,
lillie-croc-hand-bag,,,,,,,,Blue,,,,,"",380.0,shopify,1,deny,manual,22.00,,true,true,"",https://cdn.shopify.com/s/files/1/0502/3016/5669/products/image.jpg?v=1607918623,3,,,,,,,,,,,,,,,,,,,kg,,,
lillie-croc-hand-bag,,,,,,,,,,,,,,,,,,,,,,,,https://cdn.shopify.com/s/files/1/0502/3016/5669/products/IMG_3886_d793fe7a-4673-411d-8fc8-068551f2b032.jpg?v=1607918623,4,,,,,,,,,,,,,,,,,,,,,,
lillie-croc-hand-bag,,,,,,,,,,,,,,,,,,,,,,,,https://cdn.shopify.com/s/files/1/0502/3016/5669/products/image_7edb4f8c-22d5-4e06-85d3-9588320b54a4.jpg?v=1607918623,5,,,,,,,,,,,,,,,,,,,,,,
nabila-pearl-gold-signet-ring,MOE Signet Ring,"<p>Adorn your fingers with these gorgeous green marble effect signet rings</p>
<p class=""p1"">MAKE SURE TO READ OUR <a href=""https://www.shopmuses.com/pages/jewellry-care"">JEWEL CARE INSTRUCTIONS</a> FOR HOW TO PROPERLY CARE FOR YOUR JEWELLERY. </p>
<ul class=""ul1"">
<li class=""li1"">
<span class=""s1""></span>Material: Copper</li>
<li class=""li1"">
<span class=""s1""></span>18k Gold plated</li>
<li class=""li1"">
<span class=""s1""></span>Lead &amp; Nickel free</li>
<li class=""li1"">
<span class=""s1""></span>Weight: 16g</li>
<li class=""li1"">Size: 7</li>
</ul>
<meta charset=""UTF-8"">
<p><span>See here for </span><a href=""https://www.shopmuses.com/pages/sizes"" target=""_blank"" rel=""noopener noreferrer"">Ring Size Guide</a></p>",Muses Accessories,Rings,"gold ring, pearl ring, ring, signet ring",true,Title,Default Title,,,,,PRNBMA02,16.0,shopify,2,deny,manual,18.00,,true,true,"",https://cdn.shopify.com/s/files/1/0502/3016/5669/products/IMG_4185_Facetune_14-11-2020-21-17-24.jpg?v=1605495835,1,,false,,,,,,,,,,,,,,,,,kg,,,active
nabila-pearl-gold-signet-ring,,,,,,,,,,,,,,,,,,,,,,,,https://cdn.shopify.com/s/files/1/0502/3016/5669/products/IMG_4299_Facetune_14-11-2020-20-33-15.jpg?v=1605495835,2,,,,,,,,,,,,,,,,,,,,,,
nabila-pearl-gold-signet-ring,,,,,,,,,,,,,,,,,,,,,,,,https://cdn.shopify.com/s/files/1/0502/3016/5669/products/IMG_4293_Facetune_14-11-2020-20-34-52.jpg?v=1605495835,3,,,,,,,,,,,,,,,,,,,,,,
lola-houndstooth-vintage-baguette-bag,Lola Houndstooth Vintage Baguette Bag,"<p><span data-mce-fragment=""1"">Lola baguette leather houndstooth design bag</span>.</p>
<p><b>Specifications:</b> (Width) 27cm </p>
<p class=""p1"">                          (Height) 15cm <br></p>
<p class=""p1""><b>Adjustable Crossbody strap:</b> 57cm </p>
<p class=""p1""><b>Shoulder strap:</b> 45 cm</p>
<p class=""p1""><b>Material:</b> PU Leather/ Polyester lining.</p>
<p class=""p1""><b>Closure:</b> Clip</p>
<div id=""gtx-trans"" style=""position: absolute; left: 60px; top: 179px;"">
<div class=""gtx-trans-icon""></div>
</div>",Muses Accessories,Bags,"bags, baguette bag, houndstooth, shoulder bag, vintage",true,Color,Brown,,,,,BBLOMA01,430.0,shopify,0,deny,manual,25.00,,true,true,"",https://cdn.shopify.com/s/files/1/0502/3016/5669/products/IMG_4730.jpg?v=1607918696,1,,false,,,,,,,,,,,,,,,,https://cdn.shopify.com/s/files/1/0502/3016/5669/products/IMG_3477_Facetune_06-11-2020-16-42-29.jpg?v=1607918696,kg,,,active
lola-houndstooth-vintage-baguette-bag,,,,,,,,Coffee,,,,,BBLOMA02,430.0,shopify,1,deny,manual,25.00,,true,true,"",https://cdn.shopify.com/s/files/1/0502/3016/5669/products/IMG_3477_Facetune_06-11-2020-16-42-29.jpg?v=1607918696,2,,,,,,,,,,,,,,,,,,https://cdn.shopify.com/s/files/1/0502/3016/5669/products/IMG_4730.jpg?v=1607918696,kg,,,
lola-houndstooth-vintage-baguette-bag,,,,,,,,,,,,,,,,,,,,,,,,https://cdn.shopify.com/s/files/1/0502/3016/5669/products/hounds.png?v=1607918696,3,,,,,,,,,,,,,,,,,,,,,,
lola-houndstooth-vintage-baguette-bag,,,,,,,,,,,,,,,,,,,,,,,,https://cdn.shopify.com/s/files/1/0502/3016/5669/products/H56ff4e6878d14c07a7e60bf3cefff3813.jpg?v=1607918696,4,,,,,,,,,,,,,,,,,,,,,,
lola-houndstooth-vintage-baguette-bag,,,,,,,,,,,,,,,,,,,,,,,,https://cdn.shopify.com/s/files/1/0502/3016/5669/products/H6bade524b1ca4371bfaae69ffb567b87J.jpg?v=1607918696,5,,,,,,,,,,,,,,,,,,,,,,
sisi-pu-leather-ruched-shoulder-bag,Sisi PU Leather Ruched Shoulder Bag,Ruched PU leather shoulder bag.,MUSES.,Bags,"bags, baguette bag, shoulder bag, vintage",false,Color,White,,,,,RBSSMB00,420.0,shopify,0,deny,manual,12.60,18.00,true,true,"",https://cdn.shopify.com/s/files/1/0502/3016/5669/products/IMG_1382.jpg?v=1601769194,1,,false,,,,,,,,,,,,,,,,,kg,,,archived
sisi-pu-leather-ruched-shoulder-bag,,,,,,,,,,,,,,,,,,,,,,,,https://cdn.shopify.com/s/files/1/0502/3016/5669/products/IMG_1383.jpg?v=1601769194,2,,,,,,,,,,,,,,,,,,,,,,
sisi-pu-leather-ruched-shoulder-bag,,,,,,,,,,,,,,,,,,,,,,,,https://cdn.shopify.com/s/files/1/0502/3016/5669/products/IMG_1414.jpg?v=1601769194,3,,,,,,,,,,,,,,,,,,,,,,
